UTC-timeStamp,GazeLeftx,GazeLefty,GazeRightx,GazeRighty,PupilLeft,PupilRight,WorkloadFBDS,WorkloadBDS,WorkloadAverage,Brow Furrow,Brow Raise,Engagement,Lip Corner Depressor,Smile,Valence,Attention,InnerBrowRaise,EyeClosure,NoseWrinkle,UpperLipRaise,LipSuck,LipPress,MouthOpen,ChinRaise,Smirk,LipPucker,Anger,Sadness,Disgust,Joy,Surprise,Fear,Contempt,Cheek Raise,Dimpler,Eye Widen,Lid Tighten,Lip Stretch,Jaw Drop,Battery (mVolts),GSC (mVolts),GSR (kOhms),GSR Quality
20180822_180603996,,,,,,,,,,,,,,,,,,,,,,,,,,,,,,,,,,,,,,,,,,,
20180822_180603996,,,,,,,,,,,,,,,,,,,,,,,,,,,,,,,,,,,,,,,,,,,
20180822_180604003,,,,,,,,,,,,,,,,,,,,,,,,,,,,,,,,,,,,,,,,4099.794872,1980.952381,77.76775438,VALID
20180822_180604004,970,631,941,617,2.3116,2.279373,,,,,,,,,,,,,,,,,,,,,,,,,,,,,,,,,,4099.794872,1980.952381,77.76775438,VALID
20180822_180604004,970,631,941,617,2.3116,2.279373,,,,,,,,,,,,,,,,,,,,,,,,,,,,,,,,,,4099.794872,1980.952381,77.76775438,VALID
20180822_180604012,970,631,941,617,2.3116,2.279373,,,,,,,,,,,,,,,,,,,,,,,,,,,,,,,,,,4092.512821,1974.358974,77.73510984,VALID
20180822_180604012,970,631,941,617,2.3116,2.279373,,,,,,,,,,,,,,,,,,,,,,,,,,,,,,,,,,4096.882051,1978.754579,77.80042635,VALID
20180822_180604014,970,631,941,617,2.3116,2.279373,,,,,,,,,,,,,,,,,,,,,,,,,,,,,,,,,,4096.882051,1978.754579,77.80042635,VALID
20180822_180604014,970,631,941,617,2.3116,2.279373,,,,,,,,,,,,,,,,,,,,,,,,,,,,,,,,,,4096.882051,1978.754579,77.80042635,VALID
20180822_180604015,970,631,941,617,2.3116,2.279373,,,,,,,,,,,,,,,,,,,,,,,,,,,,,,,,,,4099.794872,1986.080586,77.76775438,VALID
20180822_180604016,970,631,941,617,2.3116,2.279373,,,,,,,,,,,,,,,,,,,,,,,,,,,,,,,,,,4099.794872,1986.080586,77.76775438,VALID
20180822_180604016,970,631,941,617,2.3116,2.279373,,,,,,,,,,,,,,,,,,,,,,,,,,,,,,,,,,4099.794872,1986.080586,77.76775438,VALID
20180822_180604016,970,631,941,617,2.3116,2.279373,,,,,,,,,,,,,,,,,,,,,,,,,,,,,,,,,,4099.794872,1986.080586,77.76775438,VALID
20180822_180604016,970,631,941,617,2.3116,2.279373,,,,,,,,,,,,,,,,,,,,,,,,,,,,,,,,,,4099.794872,1986.080586,77.76775438,VALID
20180822_180604020,980,641,947,604,2.25061,2.318436,,,,,,,,,,,,,,,,,,,,,,,,,,,,,,,,,,4099.794872,1986.080586,77.76775438,VALID
20180822_180604024,980,641,947,604,2.25061,2.318436,,,,,,,,,,,,,,,,,,,,,,,,,,,,,,,,,,4099.794872,1986.080586,77.76775438,VALID
20180822_180604024,980,641,947,604,2.25061,2.318436,,,,,,,,,,,,,,,,,,,,,,,,,,,,,,,,,,4099.794872,1986.080586,77.76775438,VALID
20180822_180604028,980,641,947,604,2.25061,2.318436,,,,,,,,,,,,,,,,,,,,,,,,,,,,,,,,,,4104.164103,1775.091575,77.76775438,VALID
20180822_180604034,980,641,947,604,2.25061,2.318436,,,,,,,,,,,,,,,,,,,,,,,,,,,,,,,,,,4104.164103,1775.091575,77.76775438,VALID
20180822_180604034,980,641,947,604,2.25061,2.318436,,,,,,,,,,,,,,,,,,,,,,,,,,,,,,,,,,4104.164103,1775.091575,77.76775438,VALID
20180822_180604037,965,646,939,615,2.222122,2.319519,,,,,,,,,,,,,,,,,,,,,,,,,,,,,,,,,,4091.05641,1901.831502,77.76775438,VALID
20180822_180604040,965,646,939,615,2.222122,2.319519,,,,,,,,,,,,,,,,,,,,,,,,,,,,,,,,,,4091.05641,1901.831502,77.76775438,VALID
20180822_180604040,965,646,939,615,2.222122,2.319519,,,,,,,,,,,,,,,,,,,,,,,,,,,,,,,,,,4091.05641,1901.831502,77.76775438,VALID
20180822_180604042,965,646,939,615,2.222122,2.319519,,,,,,,,,,,,,,,,,,,,,,,,,,,,,,,,,,4091.05641,1901.831502,77.76775438,VALID
20180822_180604042,965,646,939,615,2.222122,2.319519,,,,,,,,,,,,,,,,,,,,,,,,,,,,,,,,,,4091.05641,1901.831502,77.76775438,VALID
20180822_180604048,965,646,939,615,2.222122,2.319519,,,,,,,,,,,,,,,,,,,,,,,,,,,,,,,,,,4091.05641,1901.831502,77.76775438,VALID
20180822_180604048,965,646,939,615,2.222122,2.319519,,,,,,,,,,,,,,,,,,,,,,,,,,,,,,,,,,4091.05641,1901.831502,77.76775438,VALID
20180822_180604054,938,604,941,608,2.278702,2.258484,,,,,,,,,,,,,,,,,,,,,,,,,,,,,,,,,,4099.794872,1958.241758,77.76775438,VALID
20180822_180604054,938,604,941,608,2.278702,2.258484,,,,,,,,,,,,,,,,,,,,,,,,,,,,,,,,,,4101.251282,1757.509158,77.80042635,VALID
20180822_180604056,938,604,941,608,2.278702,2.258484,,,,,,,,,,,,,,,,,,,,,,,,,,,,,,,,,,4098.338462,1902.564103,77.80042635,VALID
20180822_180604062,938,604,941,608,2.278702,2.258484,,,,,,,,,,,,,,,,,,,,,,,,,,,,,,,,,,4098.338462,1902.564103,77.80042635,VALID
20180822_180604062,938,604,941,608,2.278702,2.258484,,,,,,,,,,,,,,,,,,,,,,,,,,,,,,,,,,4098.338462,1902.564103,77.80042635,VALID
20180822_180604070,1002,659,939,613,2.239777,2.254532,,,,,,,,,,,,,,,,,,,,,,,,,,,,,,,,,,4093.969231,1950.915751,77.80042635,VALID
20180822_180604080,1002,659,939,613,2.239777,2.254532,,,,,,,,,,,,,,,,,,,,,,,,,,,,,,,,,,4093.969231,1950.915751,77.80042635,VALID
20180822_180604080,1002,659,939,613,2.239777,2.254532,,,,,,,,,,,,,,,,,,,,,,,,,,,,,,,,,,4093.969231,1950.915751,77.80042635,VALID
20180822_180604088,1002,659,939,613,2.239777,2.254532,,,,,,,,,,,,,,,,,,,,,,,,,,,,,,,,,,4093.969231,1950.915751,77.80042635,VALID
20180822_180604088,1002,659,939,613,2.239777,2.254532,,,,,,,,,,,,,,,,,,,,,,,,,,,,,,,,,,4093.969231,1950.915751,77.80042635,VALID
20180822_180604088,1002,659,939,613,2.239777,2.254532,,,,,,,,,,,,,,,,,,,,,,,,,,,,,,,,,,4093.969231,1950.915751,77.80042635,VALID
20180822_180604088,1002,659,939,613,2.239777,2.254532,,,,,,,,,,,,,,,,,,,,,,,,,,,,,,,,,,4093.969231,1950.915751,77.80042635,VALID
20180822_180604089,979,615,960,622,2.186218,2.250916,,,,,,,,,,,,,,,,,,,,,,,,,,,,,,,,,,4093.969231,1950.915751,77.80042635,VALID
20180822_180604090,979,615,960,622,2.186218,2.250916,,,,,,,,,,,,,,,,,,,,,,,,,,,,,,,,,,4095.425641,1964.835165,77.80042635,VALID
20180822_180604090,979,615,960,622,2.186218,2.250916,,,,,,,,,,,,,,,,,,,,,,,,,,,,,,,,,,4102.707692,1766.300366,77.80042635,VALID
20180822_180604093,979,615,960,622,2.186218,2.250916,,,,,,,,,,,,,,,,,,,,,,,,,,,,,,,,,,4104.164103,1698.168498,77.86585271,VALID
20180822_180604100,979,615,960,622,2.186218,2.250916,,,,,,,,,,,,,,,,,,,,,,,,,,,,,,,,,,4104.164103,1698.168498,77.86585271,VALID
20180822_180604100,979,615,960,622,2.186218,2.250916,,,,,,,,,,,,,,,,,,,,,,,,,,,,,,,,,,4104.164103,1698.168498,77.86585271,VALID
20180822_180604104,979,615,960,622,2.186218,2.250916,,,,,,,,,,,,,,,,,,,,,,,,,,,,,,,,,,4104.164103,1698.168498,77.86585271,VALID
20180822_180604104,979,615,960,622,2.186218,2.250916,,,,,,,,,,,,,,,,,,,,,,,,,,,,,,,,,,4104.164103,1698.168498,77.86585271,VALID
20180822_180604106,967,585,942,636,2.249695,2.209564,,,,,,,,,,,,,,,,,,,,,,,,,,,,,,,,,,4104.164103,1698.168498,77.86585271,VALID
20180822_180604110,967,585,942,636,2.249695,2.209564,,,,,,,,,,,,,,,,,,,,,,,,,,,,,,,,,,4104.164103,1698.168498,77.86585271,VALID
20180822_180604110,967,585,942,636,2.249695,2.209564,,,,,,,,,,,,,,,,,,,,,,,,,,,,,,,,,,4104.164103,1698.168498,77.86585271,VALID
20180822_180604111,967,585,942,636,2.249695,2.209564,,,,,,,,,,,,,,,,,,,,,,,,,,,,,,,,,,4089.6,1868.131868,77.80042635,VALID
20180822_180604111,967,585,942,636,2.249695,2.209564,,,,,,,,,,,,,,,,,,,,,,,,,,,,,,,,,,4089.6,1927.472527,77.83312578,VALID
20180822_180604120,967,585,942,636,2.249695,2.209564,0.760216,0.693192,0.726704,,,,,,,,,,,,,,,,,,,,,,,,,,,,,,,4089.6,1927.472527,77.83312578,VALID
20180822_180604120,967,585,942,636,2.249695,2.209564,0.760216,0.693192,0.726704,,,,,,,,,,,,,,,,,,,,,,,,,,,,,,,4089.6,1927.472527,77.83312578,VALID
20180822_180604120,967,585,942,636,2.249695,2.209564,0.760216,0.693192,0.726704,,,,,,,,,,,,,,,,,,,,,,,,,,,,,,,4089.6,1927.472527,77.83312578,VALID
20180822_180604120,967,585,942,636,2.249695,2.209564,0.760216,0.693192,0.726704,,,,,,,,,,,,,,,,,,,,,,,,,,,,,,,4089.6,1927.472527,77.83312578,VALID
20180822_180604121,984,631,940,605,2.192673,2.101486,0.760216,0.693192,0.726704,,,,,,,,,,,,,,,,,,,,,,,,,,,,,,,4089.6,1927.472527,77.83312578,VALID
20180822_180604132,984,631,940,605,2.192673,2.101486,0.760216,0.693192,0.726704,,,,,,,,,,,,,,,,,,,,,,,,,,,,,,,4089.6,1927.472527,77.83312578,VALID
20180822_180604132,984,631,940,605,2.192673,2.101486,0.760216,0.693192,0.726704,,,,,,,,,,,,,,,,,,,,,,,,,,,,,,,4089.6,1927.472527,77.83312578,VALID
20180822_180604135,984,631,940,605,2.192673,2.101486,0.760216,0.693192,0.726704,,,,,,,,,,,,,,,,,,,,,,,,,,,,,,,4098.338462,1961.904762,77.83312578,VALID
20180822_180604139,997,640,950,649,2.192993,2.235428,0.760216,0.693192,0.726704,,,,,,,,,,,,,,,,,,,,,,,,,,,,,,,4099.794872,1979.487179,77.83312578,VALID
20180822_180604142,997,640,950,649,2.192993,2.235428,0.760216,0.693192,0.726704,,,,,,,,,,,,,,,,,,,,,,,,,,,,,,,4099.794872,1979.487179,77.83312578,VALID
20180822_180604142,997,640,950,649,2.192993,2.235428,0.760216,0.693192,0.726704,,,,,,,,,,,,,,,,,,,,,,,,,,,,,,,4099.794872,1979.487179,77.83312578,VALID
20180822_180604143,997,640,950,649,2.192993,2.235428,0.760216,0.693192,0.726704,,,,,,,,,,,,,,,,,,,,,,,,,,,,,,,4089.6,1967.765568,77.83312578,VALID
20180822_180604153,949,628,935,633,2.199524,2.166183,0.760216,0.693192,0.726704,,,,,,,,,,,,,,,,,,,,,,,,,,,,,,,4089.6,1967.765568,77.83312578,VALID
20180822_180604156,949,628,935,633,2.199524,2.166183,0.760216,0.693192,0.726704,,,,,,,,,,,,,,,,,,,,,,,,,,,,,,,4089.6,1967.765568,77.83312578,VALID
20180822_180604156,949,628,935,633,2.199524,2.166183,0.760216,0.693192,0.726704,,,,,,,,,,,,,,,,,,,,,,,,,,,,,,,4089.6,1967.765568,77.83312578,VALID
20180822_180604157,949,628,935,633,2.199524,2.166183,0.760216,0.693192,0.726704,,,,,,,,,,,,,,,,,,,,,,,,,,,,,,,4089.6,1964.102564,77.86585271,VALID
20180822_180604160,949,628,935,633,2.199524,2.166183,0.760216,0.693192,0.726704,,,,,,,,,,,,,,,,,,,,,,,,,,,,,,,4085.230769,1960.43956,77.89860717,VALID
20180822_180604161,949,628,935,633,2.199524,2.166183,0.760216,0.693192,0.726704,,,,,,,,,,,,,,,,,,,,,,,,,,,,,,,4101.251282,1758.974359,77.86585271,VALID
20180822_180604161,949,628,935,633,2.199524,2.166183,0.760216,0.693192,0.726704,,,,,,,,,,,,,,,,,,,,,,,,,,,,,,,4088.14359,1895.238095,77.86585271,VALID
20180822_180604162,949,628,935,633,2.199524,2.166183,0.760216,0.693192,0.726704,,,,,,,,,,,,,,,,,,,,,,,,,,,,,,,4088.14359,1895.238095,77.86585271,VALID
20180822_180604162,949,628,935,633,2.199524,2.166183,0.760216,0.693192,0.726704,,,,,,,,,,,,,,,,,,,,,,,,,,,,,,,4088.14359,1895.238095,77.86585271,VALID
20180822_180604164,949,628,935,633,2.199524,2.166183,0.760216,0.693192,0.726704,,,,,,,,,,,,,,,,,,,,,,,,,,,,,,,4088.14359,1895.238095,77.86585271,VALID
20180822_180604164,949,628,935,633,2.199524,2.166183,0.760216,0.693192,0.726704,,,,,,,,,,,,,,,,,,,,,,,,,,,,,,,4088.14359,1895.238095,77.86585271,VALID
20180822_180604170,950,625,915,632,2.14389,2.166672,0.760216,0.693192,0.726704,,,,,,,,,,,,,,,,,,,,,,,,,,,,,,,4088.14359,1895.238095,77.86585271,VALID
20180822_180604172,950,625,915,632,2.14389,2.166672,0.760216,0.693192,0.726704,,,,,,,,,,,,,,,,,,,,,,,,,,,,,,,4088.14359,1895.238095,77.86585271,VALID
20180822_180604172,950,625,915,632,2.14389,2.166672,0.760216,0.693192,0.726704,,,,,,,,,,,,,,,,,,,,,,,,,,,,,,,4088.14359,1895.238095,77.86585271,VALID
20180822_180604174,950,625,915,632,2.14389,2.166672,0.760216,0.693192,0.726704,,,,,,,,,,,,,,,,,,,,,,,,,,,,,,,4092.512821,1942.857143,77.89860717,VALID
20180822_180604176,950,625,915,632,2.14389,2.166672,0.760216,0.693192,0.726704,,,,,,,,,,,,,,,,,,,,,,,,,,,,,,,4091.05641,1959.70696,77.86585271,VALID
20180822_180604187,955,627,951,636,2.166992,2.165314,0.760216,0.693192,0.726704,,,,,,,,,,,,,,,,,,,,,,,,,,,,,,,4091.05641,1959.70696,77.86585271,VALID
20180822_180604188,955,627,951,636,2.166992,2.165314,0.760216,0.693192,0.726704,,,,,,,,,,,,,,,,,,,,,,,,,,,,,,,4091.05641,1959.70696,77.86585271,VALID
20180822_180604188,955,627,951,636,2.166992,2.165314,0.760216,0.693192,0.726704,,,,,,,,,,,,,,,,,,,,,,,,,,,,,,,4091.05641,1959.70696,77.86585271,VALID
20180822_180604191,955,627,951,636,2.166992,2.165314,0.760216,0.693192,0.726704,,,,,,,,,,,,,,,,,,,,,,,,,,,,,,,4069.210256,1938.461538,77.89860717,VALID
20180822_180604198,955,627,951,636,2.166992,2.165314,0.760216,0.693192,0.726704,,,,,,,,,,,,,,,,,,,,,,,,,,,,,,,4070.666667,1936.996337,77.89860717,VALID
20180822_180604200,955,627,951,636,2.166992,2.165314,0.760216,0.693192,0.726704,,,,,,,,,,,,,,,,,,,,,,,,,,,,,,,4070.666667,1936.996337,77.89860717,VALID
20180822_180604200,955,627,951,636,2.166992,2.165314,0.760216,0.693192,0.726704,,,,,,,,,,,,,,,,,,,,,,,,,,,,,,,4070.666667,1936.996337,77.89860717,VALID
20180822_180604203,934,632,927,641,2.139587,2.160614,0.760216,0.693192,0.726704,,,,,,,,,,,,,,,,,,,,,,,,,,,,,,,4070.666667,1936.996337,77.89860717,VALID
20180822_180604210,934,632,927,641,2.139587,2.160614,0.760216,0.693192,0.726704,,,,,,,,,,,,,,,,,,,,,,,,,,,,,,,4092.512821,1958.974359,77.96419884,VALID
20180822_180604210,934,632,927,641,2.139587,2.160614,0.760216,0.693192,0.726704,,,,,,,,,,,,,,,,,,,,,,,,,,,,,,,4099.794872,1978.754579,77.96419884,VALID
20180822_180604214,934,632,927,641,2.139587,2.160614,0.760216,0.693192,0.726704,,,,,,,,,,,,,,,,,,,,,,,,,,,,,,,4099.794872,1978.754579,77.96419884,VALID
20180822_180604214,934,632,927,641,2.139587,2.160614,0.760216,0.693192,0.726704,,,,,,,,,,,,,,,,,,,,,,,,,,,,,,,4099.794872,1978.754579,77.96419884,VALID
20180822_180604214,934,632,927,641,2.139587,2.160614,0.760216,0.693192,0.726704,,,,,,,,,,,,,,,,,,,,,,,,,,,,,,,4099.794872,1978.754579,77.96419884,VALID
20180822_180604214,934,632,927,641,2.139587,2.160614,0.760216,0.693192,0.726704,,,,,,,,,,,,,,,,,,,,,,,,,,,,,,,4099.794872,1978.754579,77.96419884,VALID
20180822_180604216,934,632,927,641,2.139587,2.160614,0.760216,0.693192,0.726704,,,,,,,,,,,,,,,,,,,,,,,,,,,,,,,4105.620513,1778.021978,77.96419884,VALID
20180822_180604220,941,594,902,611,2.169937,2.146957,0.760216,0.693192,0.726704,,,,,,,,,,,,,,,,,,,,,,,,,,,,,,,4089.6,1897.435897,77.9313892,VALID
20180822_180604220,941,594,902,611,2.169937,2.146957,0.760216,0.693192,0.726704,,,,,,,,,,,,,,,,,,,,,,,,,,,,,,,4089.6,1897.435897,77.9313892,VALID
20180822_180604222,941,594,902,611,2.169937,2.146957,0.760216,0.693192,0.726704,,,,,,,,,,,,,,,,,,,,,,,,,,,,,,,4089.6,1897.435897,77.9313892,VALID
20180822_180604222,941,594,902,611,2.169937,2.146957,0.760216,0.693192,0.726704,,,,,,,,,,,,,,,,,,,,,,,,,,,,,,,4089.6,1897.435897,77.9313892,VALID
20180822_180604228,941,594,902,611,2.169937,2.146957,0.760216,0.693192,0.726704,,,,,,,,,,,,,,,,,,,,,,,,,,,,,,,4089.6,1897.435897,77.9313892,VALID
20180822_180604228,941,594,902,611,2.169937,2.146957,0.760216,0.693192,0.726704,,,,,,,,,,,,,,,,,,,,,,,,,,,,,,,4089.6,1897.435897,77.9313892,VALID
20180822_180604236,941,594,902,611,2.169937,2.146957,0.760216,0.693192,0.726704,,,,,,,,,,,,,,,,,,,,,,,,,,,,,,,4093.969231,1949.450549,77.9313892,VALID
20180822_180604237,917,592,912,668,2.140427,2.199173,0.760216,0.693192,0.726704,,,,,,,,,,,,,,,,,,,,,,,,,,,,,,,4093.969231,1949.450549,77.9313892,VALID
20180822_180604240,917,592,912,668,2.140427,2.199173,0.760216,0.693192,0.726704,,,,,,,,,,,,,,,,,,,,,,,,,,,,,,,4088.14359,1961.904762,77.9313892,VALID
20180822_180604242,917,592,912,668,2.140427,2.199173,0.760216,0.693192,0.726704,,,,,,,,,,,,,,,,,,,,,,,,,,,,,,,4088.14359,1961.904762,77.9313892,VALID
20180822_180604242,917,592,912,668,2.140427,2.199173,0.760216,0.693192,0.726704,,,,,,,,,,,,,,,,,,,,,,,,,,,,,,,4088.14359,1961.904762,77.9313892,VALID
20180822_180604242,917,592,912,668,2.140427,2.199173,0.760216,0.693192,0.726704,,,,,,,,,,,,,,,,,,,,,,,,,,,,,,,4088.14359,1961.904762,77.9313892,VALID
20180822_180604242,917,592,912,668,2.140427,2.199173,0.760216,0.693192,0.726704,,,,,,,,,,,,,,,,,,,,,,,,,,,,,,,4088.14359,1961.904762,77.9313892,VALID
20180822_180604254,934,618,915,635,2.163681,2.162521,0.760216,0.693192,0.726704,,,,,,,,,,,,,,,,,,,,,,,,,,,,,,,4088.14359,1961.904762,77.9313892,VALID
20180822_180604254,934,618,915,635,2.163681,2.162521,0.760216,0.693192,0.726704,,,,,,,,,,,,,,,,,,,,,,,,,,,,,,,4088.14359,1961.904762,77.9313892,VALID
20180822_180604255,934,618,915,635,2.163681,2.162521,0.760216,0.693192,0.726704,,,,,,,,,,,,,,,,,,,,,,,,,,,,,,,4101.251282,1758.974359,77.96419884,VALID
20180822_180604259,934,618,915,635,2.163681,2.162521,0.760216,0.693192,0.726704,,,,,,,,,,,,,,,,,,,,,,,,,,,,,,,4089.6,1890.842491,77.9313892,VALID
20180822_180604259,934,618,915,635,2.163681,2.162521,0.760216,0.693192,0.726704,,,,,,,,,,,,,,,,,,,,,,,,,,,,,,,4099.794872,1953.846154,77.96419884,VALID
20180822_180604267,934,618,915,635,2.163681,2.162521,0.760216,0.693192,0.726704,,,,,,,,,,,,,,,,,,,,,,,,,,,,,,,4099.794872,1977.289377,77.96419884,VALID
20180822_180604270,934,618,915,635,2.163681,2.162521,0.760216,0.693192,0.726704,,,,,,,,,,,,,,,,,,,,,,,,,,,,,,,4099.794872,1977.289377,77.96419884,VALID
20180822_180604270,934,618,915,635,2.163681,2.162521,0.760216,0.693192,0.726704,,,,,,,,,,,,,,,,,,,,,,,,,,,,,,,4099.794872,1977.289377,77.96419884,VALID
20180822_180604273,939,614,912,618,2.186295,2.103775,0.760216,0.693192,0.726704,,,,,,,,,,,,,,,,,,,,,,,,,,,,,,,4099.794872,1977.289377,77.96419884,VALID
20180822_180604286,939,614,912,618,2.186295,2.103775,0.760216,0.693192,0.726704,,,,,,,,,,,,,,,,,,,,,,,,,,,,,,,4076.492308,1957.509158,77.96419884,VALID
20180822_180604287,961,619,913,634,2.170395,2.182938,0.760216,0.693192,0.726704,,,,,,,,,,,,,,,,,,,,,,,,,,,,,,,4092.512821,1966.300366,77.96419884,VALID
20180822_180604288,961,619,913,634,2.170395,2.182938,0.760216,0.693192,0.726704,,,,,,,,,,,,,,,,,,,,,,,,,,,,,,,4092.512821,1966.300366,77.96419884,VALID
20180822_180604288,961,619,913,634,2.170395,2.182938,0.760216,0.693192,0.726704,,,,,,,,,,,,,,,,,,,,,,,,,,,,,,,4092.512821,1966.300366,77.96419884,VALID
20180822_180604288,961,619,913,634,2.170395,2.182938,0.760216,0.693192,0.726704,,,,,,,,,,,,,,,,,,,,,,,,,,,,,,,4092.512821,1966.300366,77.96419884,VALID
20180822_180604288,961,619,913,634,2.170395,2.182938,0.760216,0.693192,0.726704,,,,,,,,,,,,,,,,,,,,,,,,,,,,,,,4092.512821,1966.300366,77.96419884,VALID
20180822_180604289,961,619,913,634,2.170395,2.182938,0.760216,0.693192,0.726704,,,,,,,,,,,,,,,,,,,,,,,,,,,,,,,4092.512821,1966.300366,77.96419884,VALID
20180822_180604289,961,619,913,634,2.170395,2.182938,0.760216,0.693192,0.726704,,,,,,,,,,,,,,,,,,,,,,,,,,,,,,,4092.512821,1966.300366,77.96419884,VALID
20180822_180604291,961,619,913,634,2.170395,2.182938,0.760216,0.693192,0.726704,,,,,,,,,,,,,,,,,,,,,,,,,,,,,,,4092.512821,1966.300366,77.96419884,VALID
20180822_180604291,961,619,913,634,2.170395,2.182938,0.760216,0.693192,0.726704,,,,,,,,,,,,,,,,,,,,,,,,,,,,,,,4092.512821,1966.300366,77.96419884,VALID
20180822_180604299,961,619,913,634,2.170395,2.182938,0.760216,0.693192,0.726704,,,,,,,,,,,,,,,,,,,,,,,,,,,,,,,4092.512821,1966.300366,77.96419884,VALID
20180822_180604299,961,619,913,634,2.170395,2.182938,0.760216,0.693192,0.726704,,,,,,,,,,,,,,,,,,,,,,,,,,,,,,,4092.512821,1966.300366,77.96419884,VALID
20180822_180604304,944,637,897,607,2.11821,2.080719,0.760216,0.693192,0.726704,,,,,,,,,,,,,,,,,,,,,,,,,,,,,,,4101.251282,1761.172161,77.99703611,VALID
20180822_180604304,944,637,897,607,2.11821,2.080719,0.760216,0.693192,0.726704,,,,,,,,,,,,,,,,,,,,,,,,,,,,,,,4099.794872,1909.157509,77.99703611,VALID
20180822_180604305,944,637,897,607,2.11821,2.080719,0.760216,0.693192,0.726704,,,,,,,,,,,,,,,,,,,,,,,,,,,,,,,4099.794872,1909.157509,77.99703611,VALID
20180822_180604305,944,637,897,607,2.11821,2.080719,0.760216,0.693192,0.726704,,,,,,,,,,,,,,,,,,,,,,,,,,,,,,,4099.794872,1909.157509,77.99703611,VALID
20180822_180604307,944,637,897,607,2.11821,2.080719,0.760216,0.693192,0.726704,,,,,,,,,,,,,,,,,,,,,,,,,,,,,,,4099.794872,1960.43956,78.02990106,VALID
20180822_180604319,944,637,897,607,2.11821,2.080719,0.760216,0.693192,0.726704,,,,,,,,,,,,,,,,,,,,,,,,,,,,,,,4099.794872,1960.43956,78.02990106,VALID
20180822_180604319,944,637,897,607,2.11821,2.080719,0.760216,0.693192,0.726704,,,,,,,,,,,,,,,,,,,,,,,,,,,,,,,4099.794872,1960.43956,78.02990106,VALID
20180822_180604319,944,637,897,607,2.11821,2.080719,0.760216,0.693192,0.726704,,,,,,,,,,,,,,,,,,,,,,,,,,,,,,,4099.794872,1960.43956,78.02990106,VALID
20180822_180604319,944,637,897,607,2.11821,2.080719,0.760216,0.693192,0.726704,,,,,,,,,,,,,,,,,,,,,,,,,,,,,,,4099.794872,1960.43956,78.02990106,VALID
20180822_180604324,944,634,931,636,2.147934,2.136902,0.760216,0.693192,0.726704,,,,,,,,,,,,,,,,,,,,,,,,,,,,,,,4099.794872,1960.43956,78.02990106,VALID
20180822_180604326,944,634,931,636,2.147934,2.136902,0.760216,0.693192,0.726704,,,,,,,,,,,,,,,,,,,,,,,,,,,,,,,4092.512821,1967.032967,78.02990106,VALID
20180822_180604330,944,634,931,636,2.147934,2.136902,0.760216,0.693192,0.726704,,,,,,,,,,,,,,,,,,,,,,,,,,,,,,,4091.05641,1968.498168,78.02990106,VALID
20180822_180604330,944,634,931,636,2.147934,2.136902,0.760216,0.693192,0.726704,,,,,,,,,,,,,,,,,,,,,,,,,,,,,,,4101.251282,1761.904762,78.09571411,VALID
20180822_180604331,944,634,931,636,2.147934,2.136902,0.760216,0.693192,0.726704,,,,,,,,,,,,,,,,,,,,,,,,,,,,,,,4101.251282,1761.904762,78.09571411,VALID
20180822_180604331,944,634,931,636,2.147934,2.136902,0.760216,0.693192,0.726704,,,,,,,,,,,,,,,,,,,,,,,,,,,,,,,4101.251282,1761.904762,78.09571411,VALID
20180822_180604337,970,619,925,624,2.169556,2.14003,0.760216,0.693192,0.726704,,,,,,,,,,,,,,,,,,,,,,,,,,,,,,,4101.251282,1761.904762,78.09571411,VALID
20180822_180604345,970,619,925,624,2.169556,2.14003,0.760216,0.693192,0.726704,,,,,,,,,,,,,,,,,,,,,,,,,,,,,,,4101.251282,1690.10989,78.06279371,VALID
20180822_180604349,970,619,925,624,2.169556,2.14003,0.760216,0.693192,0.726704,,,,,,,,,,,,,,,,,,,,,,,,,,,,,,,4101.251282,1690.10989,78.06279371,VALID
20180822_180604349,970,619,925,624,2.169556,2.14003,0.760216,0.693192,0.726704,,,,,,,,,,,,,,,,,,,,,,,,,,,,,,,4101.251282,1690.10989,78.06279371,VALID
20180822_180604349,970,619,925,624,2.169556,2.14003,0.760216,0.693192,0.726704,,,,,,,,,,,,,,,,,,,,,,,,,,,,,,,4101.251282,1690.10989,78.06279371,VALID
20180822_180604349,970,619,925,624,2.169556,2.14003,0.760216,0.693192,0.726704,,,,,,,,,,,,,,,,,,,,,,,,,,,,,,,4101.251282,1690.10989,78.06279371,VALID
20180822_180604351,970,619,925,624,2.169556,2.14003,0.760216,0.693192,0.726704,,,,,,,,,,,,,,,,,,,,,,,,,,,,,,,4089.6,1865.934066,78.06279371,VALID
20180822_180604353,950,629,899,648,2.176208,2.138245,0.760216,0.693192,0.726704,,,,,,,,,,,,,,,,,,,,,,,,,,,,,,,4089.6,1865.934066,78.06279371,VALID
20180822_180604356,950,629,899,648,2.176208,2.138245,0.760216,0.693192,0.726704,,,,,,,,,,,,,,,,,,,,,,,,,,,,,,,4089.6,1865.934066,78.06279371,VALID
20180822_180604356,950,629,899,648,2.176208,2.138245,0.760216,0.693192,0.726704,,,,,,,,,,,,,,,,,,,,,,,,,,,,,,,4089.6,1865.934066,78.06279371,VALID
20180822_180604356,950,629,899,648,2.176208,2.138245,0.760216,0.693192,0.726704,,,,,,,,,,,,,,,,,,,,,,,,,,,,,,,4089.6,1865.934066,78.06279371,VALID
20180822_180604356,950,629,899,648,2.176208,2.138245,0.760216,0.693192,0.726704,,,,,,,,,,,,,,,,,,,,,,,,,,,,,,,4089.6,1865.934066,78.06279371,VALID
20180822_180604368,950,629,899,648,2.176208,2.138245,0.760216,0.693192,0.726704,,,,,,,,,,,,,,,,,,,,,,,,,,,,,,,4091.05641,1931.868132,78.09571411,VALID
20180822_180604368,950,629,899,648,2.176208,2.138245,0.760216,0.693192,0.726704,,,,,,,,,,,,,,,,,,,,,,,,,,,,,,,4089.6,1950.18315,78.09571411,VALID
20180822_180604370,937,641,917,626,2.1866,2.140411,0.760216,0.693192,0.726704,,,,,,,,,,,,,,,,,,,,,,,,,,,,,,,4098.338462,1970.695971,78.12866228,VALID
20180822_180604376,937,641,917,626,2.1866,2.140411,0.760216,0.693192,0.726704,,,,,,,,,,,,,,,,,,,,,,,,,,,,,,,4098.338462,1970.695971,78.12866228,VALID
20180822_180604376,937,641,917,626,2.1866,2.140411,0.760216,0.693192,0.726704,,,,,,,,,,,,,,,,,,,,,,,,,,,,,,,4098.338462,1970.695971,78.12866228,VALID
20180822_180604378,937,641,917,626,2.1866,2.140411,0.760216,0.693192,0.726704,,,,,,,,,,,,,,,,,,,,,,,,,,,,,,,4098.338462,1970.695971,78.12866228,VALID
20180822_180604378,937,641,917,626,2.1866,2.140411,0.760216,0.693192,0.726704,,,,,,,,,,,,,,,,,,,,,,,,,,,,,,,4098.338462,1970.695971,78.12866228,VALID
20180822_180604382,937,641,917,626,2.1866,2.140411,0.760216,0.693192,0.726704,,,,,,,,,,,,,,,,,,,,,,,,,,,,,,,4098.338462,1970.695971,78.12866228,VALID
20180822_180604382,937,641,917,626,2.1866,2.140411,0.760216,0.693192,0.726704,,,,,,,,,,,,,,,,,,,,,,,,,,,,,,,4098.338462,1970.695971,78.12866228,VALID
20180822_180604385,937,641,917,626,2.1866,2.140411,0.760216,0.693192,0.726704,,,,,,,,,,,,,,,,,,,,,,,,,,,,,,,4091.05641,1969.96337,78.12866228,VALID
20180822_180604390,953,608,918,606,2.212662,2.116974,0.760216,0.693192,0.726704,,,,,,,,,,,,,,,,,,,,,,,,,,,,,,,4091.05641,1969.96337,78.12866228,VALID
20180822_180604392,953,608,918,606,2.212662,2.116974,0.760216,0.693192,0.726704,,,,,,,,,,,,,,,,,,,,,,,,,,,,,,,4096.882051,1976.556777,78.12866228,VALID
20180822_180604394,953,608,918,606,2.212662,2.116974,0.760216,0.693192,0.726704,,,,,,,,,,,,,,,,,,,,,,,,,,,,,,,4096.882051,1976.556777,78.12866228,VALID
20180822_180604394,953,608,918,606,2.212662,2.116974,0.760216,0.693192,0.726704,,,,,,,,,,,,,,,,,,,,,,,,,,,,,,,4096.882051,1976.556777,78.12866228,VALID
20180822_180604396,953,608,918,606,2.212662,2.116974,0.760216,0.693192,0.726704,,,,,,,,,,,,,,,,,,,,,,,,,,,,,,,4096.882051,1976.556777,78.12866228,VALID
20180822_180604396,953,608,918,606,2.212662,2.116974,0.760216,0.693192,0.726704,,,,,,,,,,,,,,,,,,,,,,,,,,,,,,,4096.882051,1976.556777,78.12866228,VALID
20180822_180604402,953,608,918,606,2.212662,2.116974,0.760216,0.693192,0.726704,,,,,,,,,,,,,,,,,,,,,,,,,,,,,,,4096.882051,1976.556777,78.12866228,VALID
20180822_180604402,953,608,918,606,2.212662,2.116974,0.760216,0.693192,0.726704,,,,,,,,,,,,,,,,,,,,,,,,,,,,,,,4096.882051,1976.556777,78.12866228,VALID
20180822_180604404,931,632,920,603,2.161484,2.194183,0.760216,0.693192,0.726704,,,,,,,,,,,,,,,,,,,,,,,,,,,,,,,4096.882051,1976.556777,78.12866228,VALID
20180822_180604415,931,632,920,603,2.161484,2.194183,0.760216,0.693192,0.726704,,,,,,,,,,,,,,,,,,,,,,,,,,,,,,,4082.317949,1964.835165,78.16163827,VALID
20180822_180604415,931,632,920,603,2.161484,2.194183,0.760216,0.693192,0.726704,,,,,,,,,,,,,,,,,,,,,,,,,,,,,,,4102.707692,1766.300366,78.16163827,VALID
20180822_180604417,931,632,920,603,2.161484,2.194183,0.760216,0.693192,0.726704,,,,,,,,,,,,,,,,,,,,,,,,,,,,,,,4089.6,1893.040293,78.16163827,VALID
20180822_180604420,931,632,920,603,2.161484,2.194183,0.760216,0.693192,0.726704,,,,,,,,,,,,,,,,,,,,,,,,,,,,,,,4089.6,1893.040293,78.16163827,VALID
20180822_180604420,931,632,920,603,2.161484,2.194183,0.760216,0.693192,0.726704,,,,,,,,,,,,,,,,,,,,,,,,,,,,,,,4089.6,1893.040293,78.16163827,VALID
20180822_180604421,931,632,920,603,2.161484,2.194183,0.760216,0.693192,0.726704,,,,,,,,,,,,,,,,,,,,,,,,,,,,,,,4089.6,1893.040293,78.16163827,VALID
20180822_180604421,931,632,920,603,2.161484,2.194183,0.760216,0.693192,0.726704,,,,,,,,,,,,,,,,,,,,,,,,,,,,,,,4089.6,1893.040293,78.16163827,VALID
20180822_180604424,944,610,923,617,2.054581,2.196365,0.760216,0.693192,0.726704,,,,,,,,,,,,,,,,,,,,,,,,,,,,,,,4093.969231,1947.985348,78.16163827,VALID
20180822_180604427,944,610,923,617,2.054581,2.196365,0.760216,0.693192,0.726704,,,,,,,,,,,,,,,,,,,,,,,,,,,,,,,4102.707692,1760.43956,78.22767382,VALID
20180822_180604433,944,610,923,617,2.054581,2.196365,0.760216,0.693192,0.726704,,,,,,,,,,,,,,,,,,,,,,,,,,,,,,,4102.707692,1760.43956,78.22767382,VALID
20180822_180604433,944,610,923,617,2.054581,2.196365,0.760216,0.693192,0.726704,,,,,,,,,,,,,,,,,,,,,,,,,,,,,,,4102.707692,1760.43956,78.22767382,VALID
20180822_180604434,944,610,923,617,2.054581,2.196365,0.760216,0.693192,0.726704,,,,,,,,,,,,,,,,,,,,,,,,,,,,,,,4102.707692,1760.43956,78.22767382,VALID
20180822_180604434,944,610,923,617,2.054581,2.196365,0.760216,0.693192,0.726704,,,,,,,,,,,,,,,,,,,,,,,,,,,,,,,4102.707692,1760.43956,78.22767382,VALID
20180822_180604437,952,589,909,620,2.163345,2.19606,0.760216,0.693192,0.726704,,,,,,,,,,,,,,,,,,,,,,,,,,,,,,,4102.707692,1760.43956,78.22767382,VALID
20180822_180604440,952,589,909,620,2.163345,2.19606,0.760216,0.693192,0.726704,,,,,,,,,,,,,,,,,,,,,,,,,,,,,,,4069.210256,1868.864469,78.1946421,VALID
20180822_180604443,952,589,909,620,2.163345,2.19606,0.760216,0.693192,0.726704,,,,,,,,,,,,,,,,,,,,,,,,,,,,,,,4089.6,1928.205128,78.1946421,VALID
20180822_180604451,952,589,909,620,2.163345,2.19606,0.760216,0.693192,0.726704,,,,,,,,,,,,,,,,,,,,,,,,,,,,,,,4089.6,1928.205128,78.1946421,VALID
20180822_180604451,952,589,909,620,2.163345,2.19606,0.760216,0.693192,0.726704,,,,,,,,,,,,,,,,,,,,,,,,,,,,,,,4089.6,1928.205128,78.1946421,VALID
20180822_180604458,932,637,917,651,2.126099,2.163773,0.760216,0.693192,0.726704,,,,,,,,,,,,,,,,,,,,,,,,,,,,,,,4101.251282,1746.520147,78.26073346,VALID
20180822_180604458,932,637,917,651,2.126099,2.163773,0.760216,0.693192,0.726704,,,,,,,,,,,,,,,,,,,,,,,,,,,,,,,4101.251282,1684.981685,78.26073346,VALID
20180822_180604459,932,637,917,651,2.126099,2.163773,0.760216,0.693192,0.726704,,,,,,,,,,,,,,,,,,,,,,,,,,,,,,,4101.251282,1684.981685,78.26073346,VALID
20180822_180604459,932,637,917,651,2.126099,2.163773,0.760216,0.693192,0.726704,,,,,,,,,,,,,,,,,,,,,,,,,,,,,,,4101.251282,1684.981685,78.26073346,VALID
20180822_180604464,932,637,917,651,2.126099,2.163773,0.760216,0.693192,0.726704,,,,,,,,,,,,,,,,,,,,,,,,,,,,,,,4099.794872,1881.318681,78.26073346,VALID
20180822_180604471,919,627,928,634,2.203537,2.192474,0.760216,0.693192,0.726704,,,,,,,,,,,,,,,,,,,,,,,,,,,,,,,4099.794872,1881.318681,78.26073346,VALID
20180822_180604473,919,627,928,634,2.203537,2.192474,0.760216,0.693192,0.726704,,,,,,,,,,,,,,,,,,,,,,,,,,,,,,,4093.969231,1942.857143,78.26073346,VALID
20180822_180604476,919,627,928,634,2.203537,2.192474,0.760216,0.693192,0.726704,,,,,,,,,,,,,,,,,,,,,,,,,,,,,,,4093.969231,1942.857143,78.26073346,VALID
20180822_180604476,919,627,928,634,2.203537,2.192474,0.760216,0.693192,0.726704,,,,,,,,,,,,,,,,,,,,,,,,,,,,,,,4093.969231,1942.857143,78.26073346,VALID
20180822_180604478,919,627,928,634,2.203537,2.192474,0.760216,0.693192,0.726704,,,,,,,,,,,,,,,,,,,,,,,,,,,,,,,4093.969231,1942.857143,78.26073346,VALID
20180822_180604478,919,627,928,634,2.203537,2.192474,0.760216,0.693192,0.726704,,,,,,,,,,,,,,,,,,,,,,,,,,,,,,,4093.969231,1942.857143,78.26073346,VALID
20180822_180604479,919,627,928,634,2.203537,2.192474,0.760216,0.693192,0.726704,,,,,,,,,,,,,,,,,,,,,,,,,,,,,,,4093.969231,1942.857143,78.26073346,VALID
20180822_180604479,919,627,928,634,2.203537,2.192474,0.760216,0.693192,0.726704,,,,,,,,,,,,,,,,,,,,,,,,,,,,,,,4093.969231,1942.857143,78.26073346,VALID
20180822_180604484,919,627,928,634,2.203537,2.192474,0.760216,0.693192,0.726704,,,,,,,,,,,,,,,,,,,,,,,,,,,,,,,4079.405128,1945.787546,78.26073346,VALID
20180822_180604485,919,627,928,634,2.203537,2.192474,0.760216,0.693192,0.726704,,,,,,,,,,,,,,,,,,,,,,,,,,,,,,,4079.405128,1945.787546,78.26073346,VALID
20180822_180604485,919,627,928,634,2.203537,2.192474,0.760216,0.693192,0.726704,,,,,,,,,,,,,,,,,,,,,,,,,,,,,,,4079.405128,1945.787546,78.26073346,VALID
20180822_180604489,864,615,823,630,2.19545,2.22728,0.760216,0.693192,0.726704,,,,,,,,,,,,,,,,,,,,,,,,,,,,,,,4079.405128,1945.787546,78.26073346,VALID
20180822_180604490,864,615,823,630,2.19545,2.22728,0.760216,0.693192,0.726704,,,,,,,,,,,,,,,,,,,,,,,,,,,,,,,4099.794872,1974.358974,78.32693663,VALID
20180822_180604503,888,613,826,589,2.140442,2.268967,0.760216,0.693192,0.726704,,,,,,,,,,,,,,,,,,,,,,,,,,,,,,,4099.794872,1974.358974,78.32693663,VALID
20180822_180604506,888,613,826,589,2.140442,2.268967,0.760216,0.693192,0.726704,,,,,,,,,,,,,,,,,,,,,,,,,,,,,,,4099.794872,1974.358974,78.32693663,VALID
20180822_180604506,888,613,826,589,2.140442,2.268967,0.760216,0.693192,0.726704,,,,,,,,,,,,,,,,,,,,,,,,,,,,,,,4099.794872,1974.358974,78.32693663,VALID
20180822_180604507,888,613,826,589,2.140442,2.268967,0.760216,0.693192,0.726704,,,,,,,,,,,,,,,,,,,,,,,,,,,,,,,4099.794872,1974.358974,78.32693663,VALID
20180822_180604507,888,613,826,589,2.140442,2.268967,0.760216,0.693192,0.726704,,,,,,,,,,,,,,,,,,,,,,,,,,,,,,,4099.794872,1974.358974,78.32693663,VALID
20180822_180604511,888,613,826,589,2.140442,2.268967,0.760216,0.693192,0.726704,,,,,,,,,,,,,,,,,,,,,,,,,,,,,,,4101.251282,1763.369963,78.32693663,VALID
20180822_180604514,888,613,826,589,2.140442,2.268967,0.760216,0.693192,0.726704,,,,,,,,,,,,,,,,,,,,,,,,,,,,,,,4093.969231,1904.029304,78.32693663,VALID
20180822_180604514,888,613,826,589,2.140442,2.268967,0.760216,0.693192,0.726704,,,,,,,,,,,,,,,,,,,,,,,,,,,,,,,4092.512821,1945.787546,78.32693663,VALID
20180822_180604515,888,613,826,589,2.140442,2.268967,0.760216,0.693192,0.726704,,,,,,,,,,,,,,,,,,,,,,,,,,,,,,,4099.794872,1974.358974,78.36008024,VALID
20180822_180604518,888,613,826,589,2.140442,2.268967,0.760216,0.693192,0.726704,,,,,,,,,,,,,,,,,,,,,,,,,,,,,,,4099.794872,1974.358974,78.36008024,VALID
20180822_180604518,888,613,826,589,2.140442,2.268967,0.760216,0.693192,0.726704,,,,,,,,,,,,,,,,,,,,,,,,,,,,,,,4099.794872,1974.358974,78.36008024,VALID
20180822_180604519,888,613,826,589,2.140442,2.268967,0.760216,0.693192,0.726704,,,,,,,,,,,,,,,,,,,,,,,,,,,,,,,4099.794872,1974.358974,78.36008024,VALID
20180822_180604519,888,613,826,589,2.140442,2.268967,0.760216,0.693192,0.726704,,,,,,,,,,,,,,,,,,,,,,,,,,,,,,,4099.794872,1974.358974,78.36008024,VALID
20180822_180604523,880,615,831,608,2.224564,2.251785,0.760216,0.693192,0.726704,,,,,,,,,,,,,,,,,,,,,,,,,,,,,,,4099.794872,1974.358974,78.36008024,VALID
20180822_180604529,880,615,831,608,2.224564,2.251785,0.760216,0.693192,0.726704,,,,,,,,,,,,,,,,,,,,,,,,,,,,,,,4108.533333,1778.021978,78.39325191,VALID
20180822_180604537,825,640,834,628,2.291779,2.204086,0.760216,0.693192,0.726704,,,,,,,,,,,,,,,,,,,,,,,,,,,,,,,4108.533333,1778.021978,78.39325191,VALID
20180822_180604542,825,640,834,628,2.291779,2.204086,0.760216,0.693192,0.726704,,,,,,,,,,,,,,,,,,,,,,,,,,,,,,,4092.512821,1902.564103,78.39325191,VALID
20180822_180604543,825,640,834,628,2.291779,2.204086,0.760216,0.693192,0.726704,,,,,,,,,,,,,,,,,,,,,,,,,,,,,,,4092.512821,1902.564103,78.39325191,VALID
20180822_180604543,825,640,834,628,2.291779,2.204086,0.760216,0.693192,0.726704,,,,,,,,,,,,,,,,,,,,,,,,,,,,,,,4092.512821,1902.564103,78.39325191,VALID
20180822_180604545,825,640,834,628,2.291779,2.204086,0.760216,0.693192,0.726704,,,,,,,,,,,,,,,,,,,,,,,,,,,,,,,4099.794872,1958.241758,78.39325191,VALID
20180822_180604545,825,640,834,628,2.291779,2.204086,0.760216,0.693192,0.726704,,,,,,,,,,,,,,,,,,,,,,,,,,,,,,,4098.338462,1972.893773,78.42645167,VALID
20180822_180604547,825,640,834,628,2.291779,2.204086,0.760216,0.693192,0.726704,,,,,,,,,,,,,,,,,,,,,,,,,,,,,,,4098.338462,1972.893773,78.42645167,VALID
20180822_180604547,825,640,834,628,2.291779,2.204086,0.760216,0.693192,0.726704,,,,,,,,,,,,,,,,,,,,,,,,,,,,,,,4098.338462,1972.893773,78.42645167,VALID
20180822_180604547,825,640,834,628,2.291779,2.204086,0.760216,0.693192,0.726704,,,,,,,,,,,,,,,,,,,,,,,,,,,,,,,4098.338462,1972.893773,78.42645167,VALID
20180822_180604547,825,640,834,628,2.291779,2.204086,0.760216,0.693192,0.726704,,,,,,,,,,,,,,,,,,,,,,,,,,,,,,,4098.338462,1972.893773,78.42645167,VALID
20180822_180604547,825,640,834,628,2.291779,2.204086,0.760216,0.693192,0.726704,,,,,,,,,,,,,,,,,,,,,,,,,,,,,,,4098.338462,1972.893773,78.42645167,VALID
20180822_180604547,825,640,834,628,2.291779,2.204086,0.760216,0.693192,0.726704,,,,,,,,,,,,,,,,,,,,,,,,,,,,,,,4098.338462,1972.893773,78.42645167,VALID
20180822_180604557,825,640,834,628,2.291779,2.204086,0.760216,0.693192,0.726704,,,,,,,,,,,,,,,,,,,,,,,,,,,,,,,4098.338462,1972.893773,78.42645167,VALID
20180822_180604557,825,640,834,628,2.291779,2.204086,0.760216,0.693192,0.726704,,,,,,,,,,,,,,,,,,,,,,,,,,,,,,,4098.338462,1972.893773,78.42645167,VALID
20180822_180604562,825,640,834,628,2.291779,2.204086,0.760216,0.693192,0.726704,,,,,,,,,,,,,,,,,,,,,,,,,,,,,,,4104.164103,1770.695971,78.42645167,VALID
20180822_180604564,825,640,834,628,2.291779,2.204086,0.760216,0.693192,0.726704,,,,,,,,,,,,,,,,,,,,,,,,,,,,,,,4104.164103,1770.695971,78.42645167,VALID
20180822_180604564,825,640,834,628,2.291779,2.204086,0.760216,0.693192,0.726704,,,,,,,,,,,,,,,,,,,,,,,,,,,,,,,4104.164103,1770.695971,78.42645167,VALID
20180822_180604565,825,640,834,628,2.291779,2.204086,0.760216,0.693192,0.726704,,,,,,,,,,,,,,,,,,,,,,,,,,,,,,,4092.512821,1900.3663,78.42645167,VALID
20180822_180604571,886,623,849,607,2.247314,2.310318,0.760216,0.693192,0.726704,,,,,,,,,,,,,,,,,,,,,,,,,,,,,,,4092.512821,1900.3663,78.42645167,VALID
20180822_180604571,862,599,846,594,2.24791,2.315018,0.760216,0.693192,0.726704,,,,,,,,,,,,,,,,,,,,,,,,,,,,,,,4092.512821,1900.3663,78.42645167,VALID
20180822_180604573,862,599,846,594,2.24791,2.315018,0.760216,0.693192,0.726704,,,,,,,,,,,,,,,,,,,,,,,,,,,,,,,4092.512821,1900.3663,78.42645167,VALID
20180822_180604573,862,599,846,594,2.24791,2.315018,0.760216,0.693192,0.726704,,,,,,,,,,,,,,,,,,,,,,,,,,,,,,,4092.512821,1900.3663,78.42645167,VALID
20180822_180604573,862,599,846,594,2.24791,2.315018,0.760216,0.693192,0.726704,,,,,,,,,,,,,,,,,,,,,,,,,,,,,,,4092.512821,1900.3663,78.42645167,VALID
20180822_180604573,862,599,846,594,2.24791,2.315018,0.760216,0.693192,0.726704,,,,,,,,,,,,,,,,,,,,,,,,,,,,,,,4092.512821,1900.3663,78.42645167,VALID
20180822_180604578,862,599,846,594,2.24791,2.315018,0.760216,0.693192,0.726704,,,,,,,,,,,,,,,,,,,,,,,,,,,,,,,4092.512821,1900.3663,78.42645167,VALID
20180822_180604578,862,599,846,594,2.24791,2.315018,0.760216,0.693192,0.726704,,,,,,,,,,,,,,,,,,,,,,,,,,,,,,,4092.512821,1900.3663,78.42645167,VALID
20180822_180604586,862,599,846,594,2.24791,2.315018,0.760216,0.693192,0.726704,,,,,,,,,,,,,,,,,,,,,,,,,,,,,,,4092.512821,1900.3663,78.42645167,VALID
20180822_180604586,862,599,846,594,2.24791,2.315018,0.760216,0.693192,0.726704,,,,,,,,,,,,,,,,,,,,,,,,,,,,,,,4092.512821,1900.3663,78.42645167,VALID
20180822_180604588,861,622,820,635,2.259262,2.276367,0.760216,0.693192,0.726704,,,,,,,,,,,,,,,,,,,,,,,,,,,,,,,4101.251282,1736.996337,78.42645167,VALID
20180822_180604588,861,622,820,635,2.259262,2.276367,0.760216,0.693192,0.726704,,,,,,,,,,,,,,,,,,,,,,,,,,,,,,,4099.794872,1900.3663,78.45967957,VALID
20180822_180604591,861,622,820,635,2.259262,2.276367,0.760216,0.693192,0.726704,,,,,,,,,,,,,,,,,,,,,,,,,,,,,,,4086.687179,1937.728938,78.45967957,VALID
20180822_180604602,861,622,820,635,2.259262,2.276367,0.760216,0.693192,0.726704,,,,,,,,,,,,,,,,,,,,,,,,,,,,,,,4086.687179,1937.728938,78.45967957,VALID
20180822_180604602,861,622,820,635,2.259262,2.276367,0.760216,0.693192,0.726704,,,,,,,,,,,,,,,,,,,,,,,,,,,,,,,4086.687179,1937.728938,78.45967957,VALID
20180822_180604607,892,606,822,599,2.373734,2.281418,0.760216,0.693192,0.726704,,,,,,,,,,,,,,,,,,,,,,,,,,,,,,,4086.687179,1937.728938,78.45967957,VALID
20180822_180604608,892,606,822,599,2.373734,2.281418,0.760216,0.693192,0.726704,,,,,,,,,,,,,,,,,,,,,,,,,,,,,,,4091.05641,1958.241758,78.45967957,VALID
20180822_180604620,900,622,844,618,2.345276,2.32074,0.760216,0.693192,0.726704,,,,,,,,,,,,,,,,,,,,,,,,,,,,,,,4101.251282,1757.509158,78.45967957,VALID
20180822_180604620,900,622,844,618,2.345276,2.32074,0.760216,0.693192,0.726704,,,,,,,,,,,,,,,,,,,,,,,,,,,,,,,4098.338462,1903.296703,78.49293564,VALID
20180822_180604622,900,622,844,618,2.345276,2.32074,0.760216,0.693192,0.726704,,,,,,,,,,,,,,,,,,,,,,,,,,,,,,,4098.338462,1903.296703,78.49293564,VALID
20180822_180604622,900,622,844,618,2.345276,2.32074,0.760216,0.693192,0.726704,,,,,,,,,,,,,,,,,,,,,,,,,,,,,,,4098.338462,1903.296703,78.49293564,VALID
20180822_180604623,900,622,844,618,2.345276,2.32074,0.760216,0.693192,0.726704,,,,,,,,,,,,,,,,,,,,,,,,,,,,,,,4088.14359,1944.322344,78.49293564,VALID
20180822_180604625,900,622,844,618,2.345276,2.32074,0.760216,0.693192,0.726704,,,,,,,,,,,,,,,,,,,,,,,,,,,,,,,4088.14359,1944.322344,78.49293564,VALID
20180822_180604625,900,622,844,618,2.345276,2.32074,0.760216,0.693192,0.726704,,,,,,,,,,,,,,,,,,,,,,,,,,,,,,,4088.14359,1944.322344,78.49293564,VALID
20180822_180604630,900,622,844,618,2.345276,2.32074,0.760216,0.693192,0.726704,,,,,,,,,,,,,,,,,,,,,,,,,,,,,,,4070.666667,1938.461538,78.49293564,VALID
20180822_180604634,900,622,844,618,2.345276,2.32074,0.760216,0.693192,0.726704,,,,,,,,,,,,,,,,,,,,,,,,,,,,,,,4070.666667,1938.461538,78.49293564,VALID
20180822_180604637,893,608,818,618,2.384186,2.350677,0.760216,0.693192,0.726704,,,,,,,,,,,,,,,,,,,,,,,,,,,,,,,4070.666667,1938.461538,78.49293564,VALID
20180822_180604638,893,608,818,618,2.384186,2.350677,0.760216,0.693192,0.726704,,,,,,,,,,,,,,,,,,,,,,,,,,,,,,,4096.882051,1965.567766,78.5262199,VALID
20180822_180604640,893,608,818,618,2.384186,2.350677,0.760216,0.693192,0.726704,,,,,,,,,,,,,,,,,,,,,,,,,,,,,,,4096.882051,1965.567766,78.5262199,VALID
20180822_180604645,893,608,818,618,2.384186,2.350677,0.760216,0.693192,0.726704,,,,,,,,,,,,,,,,,,,,,,,,,,,,,,,4096.882051,1965.567766,78.5262199,VALID
20180822_180604645,893,608,818,618,2.384186,2.350677,0.760216,0.693192,0.726704,,,,,,,,,,,,,,,,,,,,,,,,,,,,,,,4096.882051,1965.567766,78.5262199,VALID
20180822_180604649,893,608,818,618,2.384186,2.350677,0.760216,0.693192,0.726704,,,,,,,,,,,,,,,,,,,,,,,,,,,,,,,4096.882051,1965.567766,78.5262199,VALID
20180822_180604649,893,608,818,618,2.384186,2.350677,0.760216,0.693192,0.726704,,,,,,,,,,,,,,,,,,,,,,,,,,,,,,,4096.882051,1965.567766,78.5262199,VALID
20180822_180604652,893,608,818,618,2.384186,2.350677,0.760216,0.693192,0.726704,,,,,,,,,,,,,,,,,,,,,,,,,,,,,,,4102.707692,1766.300366,78.55953241,VALID
20180822_180604652,893,608,818,618,2.384186,2.350677,0.760216,0.693192,0.726704,,,,,,,,,,,,,,,,,,,,,,,,,,,,,,,4098.338462,1906.227106,78.55953241,VALID
20180822_180604653,894,595,803,629,2.388687,2.331223,0.760216,0.693192,0.726704,,,,,,,,,,,,,,,,,,,,,,,,,,,,,,,4098.338462,1906.227106,78.55953241,VALID
20180822_180604659,894,595,803,629,2.388687,2.331223,0.760216,0.693192,0.726704,,,,,,,,,,,,,,,,,,,,,,,,,,,,,,,4098.338462,1906.227106,78.55953241,VALID
20180822_180604659,894,595,803,629,2.388687,2.331223,0.760216,0.693192,0.726704,,,,,,,,,,,,,,,,,,,,,,,,,,,,,,,4098.338462,1906.227106,78.55953241,VALID
20180822_180604668,894,595,803,629,2.388687,2.331223,0.760216,0.693192,0.726704,,,,,,,,,,,,,,,,,,,,,,,,,,,,,,,4089.6,1940.659341,78.5262199,VALID
20180822_180604670,887,608,832,605,2.408585,2.387161,0.760216,0.693192,0.726704,,,,,,,,,,,,,,,,,,,,,,,,,,,,,,,4089.6,1940.659341,78.5262199,VALID
20180822_180604671,887,608,832,605,2.408585,2.387161,0.760216,0.693192,0.726704,,,,,,,,,,,,,,,,,,,,,,,,,,,,,,,4098.338462,1967.032967,78.5262199,VALID
20180822_180604673,887,608,832,605,2.408585,2.387161,0.760216,0.693192,0.726704,,,,,,,,,,,,,,,,,,,,,,,,,,,,,,,4098.338462,1967.032967,78.5262199,VALID
20180822_180604674,887,608,832,605,2.408585,2.387161,0.760216,0.693192,0.726704,,,,,,,,,,,,,,,,,,,,,,,,,,,,,,,4098.338462,1967.032967,78.5262199,VALID
20180822_180604674,887,608,832,605,2.408585,2.387161,0.760216,0.693192,0.726704,,,,,,,,,,,,,,,,,,,,,,,,,,,,,,,4098.338462,1967.032967,78.5262199,VALID
20180822_180604674,887,608,832,605,2.408585,2.387161,0.760216,0.693192,0.726704,,,,,,,,,,,,,,,,,,,,,,,,,,,,,,,4098.338462,1967.032967,78.5262199,VALID
20180822_180604679,887,608,832,605,2.408585,2.387161,0.760216,0.693192,0.726704,,,,,,,,,,,,,,,,,,,,,,,,,,,,,,,4098.338462,1967.032967,78.5262199,VALID
20180822_180604679,887,608,832,605,2.408585,2.387161,0.760216,0.693192,0.726704,,,,,,,,,,,,,,,,,,,,,,,,,,,,,,,4098.338462,1967.032967,78.5262199,VALID
20180822_180604684,887,608,832,605,2.408585,2.387161,0.760216,0.693192,0.726704,,,,,,,,,,,,,,,,,,,,,,,,,,,,,,,4102.707692,1767.032967,78.5262199,VALID
20180822_180604684,887,608,832,605,2.408585,2.387161,0.760216,0.693192,0.726704,,,,,,,,,,,,,,,,,,,,,,,,,,,,,,,4101.251282,1691.575092,78.55953241,VALID
20180822_180604687,887,608,832,605,2.408585,2.387161,0.760216,0.693192,0.726704,,,,,,,,,,,,,,,,,,,,,,,,,,,,,,,4101.251282,1691.575092,78.55953241,VALID
20180822_180604687,887,608,832,605,2.408585,2.387161,0.760216,0.693192,0.726704,,,,,,,,,,,,,,,,,,,,,,,,,,,,,,,4101.251282,1691.575092,78.55953241,VALID
20180822_180604690,874,614,826,620,2.458923,2.440689,0.760216,0.693192,0.726704,,,,,,,,,,,,,,,,,,,,,,,,,,,,,,,4101.251282,1691.575092,78.55953241,VALID
20180822_180604693,874,614,826,620,2.458923,2.440689,0.760216,0.693192,0.726704,,,,,,,,,,,,,,,,,,,,,,,,,,,,,,,4088.14359,1870.32967,78.5262199,VALID
20180822_180604703,874,614,826,620,2.458923,2.440689,0.760216,0.693192,0.726704,,,,,,,,,,,,,,,,,,,,,,,,,,,,,,,4088.14359,1870.32967,78.5262199,VALID
20180822_180604703,874,614,826,620,2.458923,2.440689,0.760216,0.693192,0.726704,,,,,,,,,,,,,,,,,,,,,,,,,,,,,,,4088.14359,1870.32967,78.5262199,VALID
20180822_180604703,874,614,826,620,2.458923,2.440689,0.760216,0.693192,0.726704,,,,,,,,,,,,,,,,,,,,,,,,,,,,,,,4088.14359,1870.32967,78.5262199,VALID
20180822_180604703,874,614,826,620,2.458923,2.440689,0.760216,0.693192,0.726704,,,,,,,,,,,,,,,,,,,,,,,,,,,,,,,4088.14359,1870.32967,78.5262199,VALID
20180822_180604704,878,612,853,630,2.449478,2.459427,0.760216,0.693192,0.726704,,,,,,,,,,,,,,,,,,,,,,,,,,,,,,,4088.14359,1870.32967,78.5262199,VALID
20180822_180604709,878,612,853,630,2.449478,2.459427,0.760216,0.693192,0.726704,,,,,,,,,,,,,,,,,,,,,,,,,,,,,,,4099.794872,1946.520147,78.55953241,VALID
20180822_180604709,878,612,853,630,2.449478,2.459427,0.760216,0.693192,0.726704,,,,,,,,,,,,,,,,,,,,,,,,,,,,,,,4101.251282,1753.113553,78.5928732,VALID
20180822_180604710,878,612,853,630,2.449478,2.459427,0.760216,0.693192,0.726704,,,,,,,,,,,,,,,,,,,,,,,,,,,,,,,4101.251282,1753.113553,78.5928732,VALID
20180822_180604710,878,612,853,630,2.449478,2.459427,0.760216,0.693192,0.726704,,,,,,,,,,,,,,,,,,,,,,,,,,,,,,,4101.251282,1753.113553,78.5928732,VALID
20180822_180604720,953,603,914,625,2.45105,2.495514,0.760216,0.693192,0.726704,,,,,,,,,,,,,,,,,,,,,,,,,,,,,,,4101.251282,1753.113553,78.5928732,VALID
20180822_180604721,953,603,914,625,2.45105,2.495514,0.760216,0.693192,0.726704,,,,,,,,,,,,,,,,,,,,,,,,,,,,,,,4101.251282,1753.113553,78.5928732,VALID
20180822_180604721,953,603,914,625,2.45105,2.495514,0.760216,0.693192,0.726704,,,,,,,,,,,,,,,,,,,,,,,,,,,,,,,4101.251282,1753.113553,78.5928732,VALID
20180822_180604725,953,603,914,625,2.45105,2.495514,0.760216,0.693192,0.726704,,,,,,,,,,,,,,,,,,,,,,,,,,,,,,,4099.794872,1906.959707,78.5928732,VALID
20180822_180604727,953,603,914,625,2.45105,2.495514,0.760216,0.693192,0.726704,,,,,,,,,,,,,,,,,,,,,,,,,,,,,,,4099.794872,1906.959707,78.5928732,VALID
20180822_180604727,953,603,914,625,2.45105,2.495514,0.760216,0.693192,0.726704,,,,,,,,,,,,,,,,,,,,,,,,,,,,,,,4099.794872,1906.959707,78.5928732,VALID
20180822_180604732,953,603,914,625,2.45105,2.495514,0.760216,0.693192,0.726704,,,,,,,,,,,,,,,,,,,,,,,,,,,,,,,4095.425641,1947.985348,78.5928732,VALID
20180822_180604735,953,603,914,625,2.45105,2.495514,0.760216,0.693192,0.726704,,,,,,,,,,,,,,,,,,,,,,,,,,,,,,,4095.425641,1947.985348,78.5928732,VALID
20180822_180604735,953,603,914,625,2.45105,2.495514,0.760216,0.693192,0.726704,,,,,,,,,,,,,,,,,,,,,,,,,,,,,,,4095.425641,1947.985348,78.5928732,VALID
20180822_180604736,951,600,931,614,2.522919,2.524902,0.760216,0.693192,0.726704,,,,,,,,,,,,,,,,,,,,,,,,,,,,,,,4095.425641,1947.985348,78.5928732,VALID
20180822_180604737,951,600,931,614,2.522919,2.524902,0.760216,0.693192,0.726704,,,,,,,,,,,,,,,,,,,,,,,,,,,,,,,4095.425641,1947.985348,78.5928732,VALID
20180822_180604737,951,600,931,614,2.522919,2.524902,0.760216,0.693192,0.726704,,,,,,,,,,,,,,,,,,,,,,,,,,,,,,,4095.425641,1947.985348,78.5928732,VALID
20180822_180604740,951,600,931,614,2.522919,2.524902,0.760216,0.693192,0.726704,,,,,,,,,,,,,,,,,,,,,,,,,,,,,,,4086.687179,1955.311355,78.5928732,VALID
20180822_180604749,951,600,931,614,2.522919,2.524902,0.760216,0.693192,0.726704,,,,,,,,,,,,,,,,,,,,,,,,,,,,,,,4086.687179,1955.311355,78.5928732,VALID
20180822_180604749,951,600,931,614,2.522919,2.524902,0.760216,0.693192,0.726704,,,,,,,,,,,,,,,,,,,,,,,,,,,,,,,4086.687179,1955.311355,78.5928732,VALID
20180822_180604754,968,593,906,625,2.547119,2.529068,0.760216,0.693192,0.726704,,,,,,,,,,,,,,,,,,,,,,,,,,,,,,,4086.687179,1955.311355,78.5928732,VALID
20180822_180604757,968,593,906,625,2.547119,2.529068,0.760216,0.693192,0.726704,,,,,,,,,,,,,,,,,,,,,,,,,,,,,,,4079.405128,1950.915751,78.62624229,VALID
20180822_180604757,968,593,906,625,2.547119,2.529068,0.760216,0.693192,0.726704,,,,,,,,,,,,,,,,,,,,,,,,,,,,,,,4079.405128,1950.915751,78.62624229,VALID
20180822_180604760,968,593,906,625,2.547119,2.529068,0.760216,0.693192,0.726704,,,,,,,,,,,,,,,,,,,,,,,,,,,,,,,4092.512821,1964.102564,78.62624229,VALID
20180822_180604760,968,593,906,625,2.547119,2.529068,0.760216,0.693192,0.726704,,,,,,,,,,,,,,,,,,,,,,,,,,,,,,,4093.969231,1973.626374,78.62624229,VALID
20180822_180604770,962,628,904,625,2.60907,2.564392,0.760216,0.693192,0.726704,,,,,,,,,,,,,,,,,,,,,,,,,,,,,,,4093.969231,1973.626374,78.62624229,VALID
20180822_180604772,962,628,904,625,2.60907,2.564392,0.760216,0.693192,0.726704,,,,,,,,,,,,,,,,,,,,,,,,,,,,,,,4089.6,1965.567766,78.62624229,VALID
20180822_180604774,962,628,904,625,2.60907,2.564392,0.760216,0.693192,0.726704,,,,,,,,,,,,,,,,,,,,,,,,,,,,,,,4083.774359,1956.043956,78.65963974,VALID
20180822_180604775,962,628,904,625,2.60907,2.564392,0.760216,0.693192,0.726704,,,,,,,,,,,,,,,,,,,,,,,,,,,,,,,4083.774359,1956.043956,78.65963974,VALID
20180822_180604775,962,628,904,625,2.60907,2.564392,0.760216,0.693192,0.726704,,,,,,,,,,,,,,,,,,,,,,,,,,,,,,,4083.774359,1956.043956,78.65963974,VALID
20180822_180604776,962,628,904,625,2.60907,2.564392,0.760216,0.693192,0.726704,,,,,,,,,,,,,,,,,,,,,,,,,,,,,,,4099.794872,1978.021978,78.65963974,VALID
20180822_180604777,962,628,904,625,2.60907,2.564392,0.760216,0.693192,0.726704,,,,,,,,,,,,,,,,,,,,,,,,,,,,,,,4099.794872,1978.021978,78.65963974,VALID
20180822_180604777,962,628,904,625,2.60907,2.564392,0.760216,0.693192,0.726704,,,,,,,,,,,,,,,,,,,,,,,,,,,,,,,4099.794872,1978.021978,78.65963974,VALID
20180822_180604777,962,628,904,625,2.60907,2.564392,0.760216,0.693192,0.726704,,,,,,,,,,,,,,,,,,,,,,,,,,,,,,,4099.794872,1978.021978,78.65963974,VALID
20180822_180604777,962,628,904,625,2.60907,2.564392,0.760216,0.693192,0.726704,,,,,,,,,,,,,,,,,,,,,,,,,,,,,,,4099.794872,1978.021978,78.65963974,VALID
20180822_180604785,962,628,904,625,2.60907,2.564392,0.760216,0.693192,0.726704,,,,,,,,,,,,,,,,,,,,,,,,,,,,,,,4099.794872,1978.021978,78.65963974,VALID
20180822_180604785,962,628,904,625,2.60907,2.564392,0.760216,0.693192,0.726704,,,,,,,,,,,,,,,,,,,,,,,,,,,,,,,4099.794872,1978.021978,78.65963974,VALID
20180822_180604786,924,616,897,616,2.591568,2.545898,0.760216,0.693192,0.726704,,,,,,,,,,,,,,,,,,,,,,,,,,,,,,,4099.794872,1978.021978,78.65963974,VALID
20180822_180604791,924,616,897,616,2.591568,2.545898,0.760216,0.693192,0.726704,,,,,,,,,,,,,,,,,,,,,,,,,,,,,,,4089.6,1967.765568,78.62624229,VALID
20180822_180604797,924,616,897,616,2.591568,2.545898,0.760216,0.693192,0.726704,,,,,,,,,,,,,,,,,,,,,,,,,,,,,,,4089.6,1967.765568,78.62624229,VALID
20180822_180604797,924,616,897,616,2.591568,2.545898,0.760216,0.693192,0.726704,,,,,,,,,,,,,,,,,,,,,,,,,,,,,,,4089.6,1967.765568,78.62624229,VALID
20180822_180604798,924,616,897,616,2.591568,2.545898,0.760216,0.693192,0.726704,,,,,,,,,,,,,,,,,,,,,,,,,,,,,,,4088.14359,1968.498168,78.65963974,VALID
20180822_180604803,924,616,897,616,2.591568,2.545898,0.760216,0.693192,0.726704,,,,,,,,,,,,,,,,,,,,,,,,,,,,,,,4088.14359,1968.498168,78.65963974,VALID
20180822_180604803,924,616,897,616,2.591568,2.545898,0.760216,0.693192,0.726704,,,,,,,,,,,,,,,,,,,,,,,,,,,,,,,4088.14359,1968.498168,78.65963974,VALID
20180822_180604803,924,616,897,616,2.591568,2.545898,0.760216,0.693192,0.726704,,,,,,,,,,,,,,,,,,,,,,,,,,,,,,,4088.14359,1968.498168,78.65963974,VALID
20180822_180604803,924,616,897,616,2.591568,2.545898,0.760216,0.693192,0.726704,,,,,,,,,,,,,,,,,,,,,,,,,,,,,,,4088.14359,1968.498168,78.65963974,VALID
20180822_180604804,922,644,909,606,2.612183,2.571686,0.760216,0.693192,0.726704,,,,,,,,,,,,,,,,,,,,,,,,,,,,,,,4088.14359,1968.498168,78.65963974,VALID
20180822_180604812,922,644,909,606,2.612183,2.571686,0.760216,0.693192,0.726704,,,,,,,,,,,,,,,,,,,,,,,,,,,,,,,4104.164103,1768.498168,78.69306557,VALID
20180822_180604812,922,644,909,606,2.612183,2.571686,0.760216,0.693192,0.726704,,,,,,,,,,,,,,,,,,,,,,,,,,,,,,,4108.533333,1706.959707,78.72651982,VALID
20180822_180604815,922,644,909,606,2.612183,2.571686,0.760216,0.693192,0.726704,,,,,,,,,,,,,,,,,,,,,,,,,,,,,,,4091.05641,1876.923077,78.69306557,VALID
20180822_180604820,962,646,905,603,2.605484,2.60025,0.760216,0.693192,0.726704,,,,,,,,,,,,,,,,,,,,,,,,,,,,,,,4091.05641,1876.923077,78.69306557,VALID
20180822_180604821,962,646,905,603,2.605484,2.60025,0.760216,0.693192,0.726704,,,,,,,,,,,,,,,,,,,,,,,,,,,,,,,4091.05641,1876.923077,78.69306557,VALID
20180822_180604821,962,646,905,603,2.605484,2.60025,0.760216,0.693192,0.726704,,,,,,,,,,,,,,,,,,,,,,,,,,,,,,,4091.05641,1876.923077,78.69306557,VALID
20180822_180604824,962,646,905,603,2.605484,2.60025,0.760216,0.693192,0.726704,,,,,,,,,,,,,,,,,,,,,,,,,,,,,,,4092.512821,1936.263736,78.69306557,VALID
20180822_180604827,962,646,905,603,2.605484,2.60025,0.760216,0.693192,0.726704,,,,,,,,,,,,,,,,,,,,,,,,,,,,,,,4092.512821,1936.263736,78.69306557,VALID
20180822_180604827,962,646,905,603,2.605484,2.60025,0.760216,0.693192,0.726704,,,,,,,,,,,,,,,,,,,,,,,,,,,,,,,4092.512821,1936.263736,78.69306557,VALID
20180822_180604830,962,646,905,603,2.605484,2.60025,0.760216,0.693192,0.726704,,,,,,,,,,,,,,,,,,,,,,,,,,,,,,,4096.882051,1964.102564,78.69306557,VALID
20180822_180604837,943,652,904,616,2.612503,2.649963,0.760216,0.693192,0.726704,,,,,,,,,,,,,,,,,,,,,,,,,,,,,,,4096.882051,1964.102564,78.69306557,VALID
20180822_180604846,943,652,904,616,2.612503,2.649963,0.760216,0.693192,0.726704,,,,,,,,,,,,,,,,,,,,,,,,,,,,,,,4096.882051,1964.102564,78.69306557,VALID
20180822_180604846,943,652,904,616,2.612503,2.649963,0.760216,0.693192,0.726704,,,,,,,,,,,,,,,,,,,,,,,,,,,,,,,4096.882051,1964.102564,78.69306557,VALID
20180822_180604847,943,652,904,616,2.612503,2.649963,0.760216,0.693192,0.726704,,,,,,,,,,,,,,,,,,,,,,,,,,,,,,,4104.164103,1767.032967,78.72651982,VALID
20180822_180604847,943,652,904,616,2.612503,2.649963,0.760216,0.693192,0.726704,,,,,,,,,,,,,,,,,,,,,,,,,,,,,,,4104.164103,1767.032967,78.72651982,VALID
20180822_180604847,943,652,904,616,2.612503,2.649963,0.760216,0.693192,0.726704,,,,,,,,,,,,,,,,,,,,,,,,,,,,,,,4104.164103,1767.032967,78.72651982,VALID
20180822_180604847,943,652,904,616,2.612503,2.649963,0.760216,0.693192,0.726704,,,,,,,,,,,,,,,,,,,,,,,,,,,,,,,4104.164103,1767.032967,78.72651982,VALID
20180822_180604850,943,652,904,616,2.612503,2.649963,0.760216,0.693192,0.726704,,,,,,,,,,,,,,,,,,,,,,,,,,,,,,,4092.512821,1898.901099,78.69306557,VALID
20180822_180604853,958,649,910,631,2.647644,2.618927,0.760216,0.693192,0.726704,,,,,,,,,,,,,,,,,,,,,,,,,,,,,,,4092.512821,1898.901099,78.69306557,VALID
20180822_180604859,958,649,910,631,2.647644,2.618927,0.760216,0.693192,0.726704,,,,,,,,,,,,,,,,,,,,,,,,,,,,,,,4092.512821,1898.901099,78.69306557,VALID
20180822_180604859,958,649,910,631,2.647644,2.618927,0.760216,0.693192,0.726704,,,,,,,,,,,,,,,,,,,,,,,,,,,,,,,4092.512821,1898.901099,78.69306557,VALID
20180822_180604864,958,649,910,631,2.647644,2.618927,0.760216,0.693192,0.726704,,,,,,,,,,,,,,,,,,,,,,,,,,,,,,,4089.6,1938.461538,78.69306557,VALID
20180822_180604864,958,649,910,631,2.647644,2.618927,0.760216,0.693192,0.726704,,,,,,,,,,,,,,,,,,,,,,,,,,,,,,,4101.251282,1750.915751,78.72651982,VALID
20180822_180604867,958,649,910,631,2.647644,2.618927,0.760216,0.693192,0.726704,,,,,,,,,,,,,,,,,,,,,,,,,,,,,,,4101.251282,1686.446886,78.76000252,VALID
20180822_180604870,950,631,904,632,2.622223,2.614853,0.760216,0.693192,0.726704,,,,,,,,,,,,,,,,,,,,,,,,,,,,,,,4101.251282,1686.446886,78.76000252,VALID
20180822_180604872,950,631,904,632,2.622223,2.614853,0.760216,0.693192,0.726704,,,,,,,,,,,,,,,,,,,,,,,,,,,,,,,4101.251282,1686.446886,78.76000252,VALID
20180822_180604872,950,631,904,632,2.622223,2.614853,0.760216,0.693192,0.726704,,,,,,,,,,,,,,,,,,,,,,,,,,,,,,,4101.251282,1686.446886,78.76000252,VALID
20180822_180604880,950,631,904,632,2.622223,2.614853,0.760216,0.693192,0.726704,,,,,,,,,,,,,,,,,,,,,,,,,,,,,,,4095.425641,1871.062271,78.72651982,VALID
20180822_180604884,950,631,904,632,2.622223,2.614853,0.760216,0.693192,0.726704,,,,,,,,,,,,,,,,,,,,,,,,,,,,,,,4095.425641,1871.062271,78.72651982,VALID
20180822_180604884,950,631,904,632,2.622223,2.614853,0.760216,0.693192,0.726704,,,,,,,,,,,,,,,,,,,,,,,,,,,,,,,4095.425641,1871.062271,78.72651982,VALID
20180822_180604884,950,631,904,632,2.622223,2.614853,0.760216,0.693192,0.726704,,,,,,,,,,,,,,,,,,,,,,,,,,,,,,,4095.425641,1871.062271,78.72651982,VALID
20180822_180604884,950,631,904,632,2.622223,2.614853,0.760216,0.693192,0.726704,,,,,,,,,,,,,,,,,,,,,,,,,,,,,,,4095.425641,1871.062271,78.72651982,VALID
20180822_180604887,924,626,914,637,2.646988,2.694534,0.760216,0.693192,0.726704,,,,,,,,,,,,,,,,,,,,,,,,,,,,,,,4095.425641,1871.062271,78.72651982,VALID
20180822_180604889,924,626,914,637,2.646988,2.694534,0.760216,0.693192,0.726704,,,,,,,,,,,,,,,,,,,,,,,,,,,,,,,4083.774359,1921.611722,78.76000252,VALID
20180822_180604898,924,626,914,637,2.646988,2.694534,0.760216,0.693192,0.726704,,,,,,,,,,,,,,,,,,,,,,,,,,,,,,,4083.774359,1921.611722,78.76000252,VALID
20180822_180604898,924,626,914,637,2.646988,2.694534,0.760216,0.693192,0.726704,,,,,,,,,,,,,,,,,,,,,,,,,,,,,,,4083.774359,1921.611722,78.76000252,VALID
20180822_180604898,924,626,914,637,2.646988,2.694534,0.760216,0.693192,0.726704,,,,,,,,,,,,,,,,,,,,,,,,,,,,,,,4083.774359,1921.611722,78.76000252,VALID
20180822_180604898,924,626,914,637,2.646988,2.694534,0.760216,0.693192,0.726704,,,,,,,,,,,,,,,,,,,,,,,,,,,,,,,4083.774359,1921.611722,78.76000252,VALID
20180822_180604903,950,620,922,625,2.669708,2.671341,0.760216,0.693192,0.726704,,,,,,,,,,,,,,,,,,,,,,,,,,,,,,,4083.774359,1921.611722,78.76000252,VALID
20180822_180604906,950,620,922,625,2.669708,2.671341,0.760216,0.693192,0.726704,,,,,,,,,,,,,,,,,,,,,,,,,,,,,,,4101.251282,1745.054945,78.76000252,VALID
20180822_180604906,950,620,922,625,2.669708,2.671341,0.760216,0.693192,0.726704,,,,,,,,,,,,,,,,,,,,,,,,,,,,,,,4102.707692,1690.10989,78.76000252,VALID
20180822_180604908,950,620,922,625,2.669708,2.671341,0.760216,0.693192,0.726704,,,,,,,,,,,,,,,,,,,,,,,,,,,,,,,4093.969231,1876.190476,78.76000252,VALID
20180822_180604910,950,620,922,625,2.669708,2.671341,0.760216,0.693192,0.726704,,,,,,,,,,,,,,,,,,,,,,,,,,,,,,,4093.969231,1876.190476,78.76000252,VALID
20180822_180604910,950,620,922,625,2.669708,2.671341,0.760216,0.693192,0.726704,,,,,,,,,,,,,,,,,,,,,,,,,,,,,,,4093.969231,1876.190476,78.76000252,VALID
20180822_180604918,950,620,922,625,2.669708,2.671341,0.760216,0.693192,0.726704,,,,,,,,,,,,,,,,,,,,,,,,,,,,,,,4093.969231,1876.190476,78.76000252,VALID
20180822_180604918,950,620,922,625,2.669708,2.671341,0.760216,0.693192,0.726704,,,,,,,,,,,,,,,,,,,,,,,,,,,,,,,4093.969231,1876.190476,78.76000252,VALID
20180822_180604918,950,620,922,625,2.669708,2.671341,0.760216,0.693192,0.726704,,,,,,,,,,,,,,,,,,,,,,,,,,,,,,,4093.969231,1876.190476,78.76000252,VALID
20180822_180604918,950,620,922,625,2.669708,2.671341,0.760216,0.693192,0.726704,,,,,,,,,,,,,,,,,,,,,,,,,,,,,,,4093.969231,1876.190476,78.76000252,VALID
20180822_180604921,929,619,900,629,2.670395,2.717545,0.760216,0.693192,0.726704,,,,,,,,,,,,,,,,,,,,,,,,,,,,,,,4093.969231,1876.190476,78.76000252,VALID
20180822_180604922,929,619,900,629,2.670395,2.717545,0.760216,0.693192,0.726704,,,,,,,,,,,,,,,,,,,,,,,,,,,,,,,4098.338462,1942.857143,78.76000252,VALID
20180822_180604934,929,619,900,629,2.670395,2.717545,0.760216,0.693192,0.726704,,,,,,,,,,,,,,,,,,,,,,,,,,,,,,,4098.338462,1942.857143,78.76000252,VALID
20180822_180604935,929,619,900,629,2.670395,2.717545,0.760216,0.693192,0.726704,,,,,,,,,,,,,,,,,,,,,,,,,,,,,,,4098.338462,1942.857143,78.76000252,VALID
20180822_180604937,950,614,939,640,2.674484,2.670837,0.760216,0.693192,0.726704,,,,,,,,,,,,,,,,,,,,,,,,,,,,,,,4098.338462,1942.857143,78.76000252,VALID
20180822_180604937,950,614,939,640,2.674484,2.670837,0.760216,0.693192,0.726704,,,,,,,,,,,,,,,,,,,,,,,,,,,,,,,4098.338462,1942.857143,78.76000252,VALID
20180822_180604939,950,614,939,640,2.674484,2.670837,0.760216,0.693192,0.726704,,,,,,,,,,,,,,,,,,,,,,,,,,,,,,,4093.969231,1965.567766,78.76000252,VALID
20180822_180604939,950,614,939,640,2.674484,2.670837,0.760216,0.693192,0.726704,,,,,,,,,,,,,,,,,,,,,,,,,,,,,,,4104.164103,1767.032967,78.79351372,VALID
20180822_180604942,950,614,939,640,2.674484,2.670837,0.760216,0.693192,0.726704,,,,,,,,,,,,,,,,,,,,,,,,,,,,,,,4091.05641,1898.901099,78.76000252,VALID
20180822_180604952,950,614,939,640,2.674484,2.670837,0.760216,0.693192,0.726704,,,,,,,,,,,,,,,,,,,,,,,,,,,,,,,4091.05641,1898.901099,78.76000252,VALID
20180822_180604952,950,614,939,640,2.674484,2.670837,0.760216,0.693192,0.726704,,,,,,,,,,,,,,,,,,,,,,,,,,,,,,,4091.05641,1898.901099,78.76000252,VALID
20180822_180604953,1035,642,1012,663,2.713242,2.746002,0.760216,0.693192,0.726704,,,,,,,,,,,,,,,,,,,,,,,,,,,,,,,4091.05641,1898.901099,78.76000252,VALID
20180822_180604956,1035,642,1012,663,2.713242,2.746002,0.760216,0.693192,0.726704,,,,,,,,,,,,,,,,,,,,,,,,,,,,,,,4099.794872,1956.776557,78.79351372,VALID
20180822_180604956,1035,642,1012,663,2.713242,2.746002,0.760216,0.693192,0.726704,,,,,,,,,,,,,,,,,,,,,,,,,,,,,,,4101.251282,1757.509158,78.79351372,VALID
20180822_180604960,1035,642,1012,663,2.713242,2.746002,0.760216,0.693192,0.726704,,,,,,,,,,,,,,,,,,,,,,,,,,,,,,,4101.251282,1757.509158,78.79351372,VALID
20180822_180604960,1035,642,1012,663,2.713242,2.746002,0.760216,0.693192,0.726704,,,,,,,,,,,,,,,,,,,,,,,,,,,,,,,4101.251282,1757.509158,78.79351372,VALID
20180822_180604964,1035,642,1012,663,2.713242,2.746002,0.760216,0.693192,0.726704,,,,,,,,,,,,,,,,,,,,,,,,,,,,,,,4099.794872,1907.692308,78.79351372,VALID
20180822_180604968,1035,642,1012,663,2.713242,2.746002,0.760216,0.693192,0.726704,,,,,,,,,,,,,,,,,,,,,,,,,,,,,,,4093.969231,1953.113553,78.76000252,VALID
20180822_180604970,1051,636,1012,640,2.759949,2.748444,0.760216,0.693192,0.726704,,,,,,,,,,,,,,,,,,,,,,,,,,,,,,,4093.969231,1953.113553,78.76000252,VALID
20180822_180604970,1051,636,1012,640,2.759949,2.748444,0.760216,0.693192,0.726704,,,,,,,,,,,,,,,,,,,,,,,,,,,,,,,4093.969231,1953.113553,78.76000252,VALID
20180822_180604972,1051,636,1012,640,2.759949,2.748444,0.760216,0.693192,0.726704,,,,,,,,,,,,,,,,,,,,,,,,,,,,,,,4093.969231,1953.113553,78.76000252,VALID
20180822_180604972,1051,636,1012,640,2.759949,2.748444,0.760216,0.693192,0.726704,,,,,,,,,,,,,,,,,,,,,,,,,,,,,,,4093.969231,1953.113553,78.76000252,VALID
20180822_180604972,1051,636,1012,640,2.759949,2.748444,0.760216,0.693192,0.726704,,,,,,,,,,,,,,,,,,,,,,,,,,,,,,,4093.969231,1953.113553,78.76000252,VALID
20180822_180604972,1051,636,1012,640,2.759949,2.748444,0.760216,0.693192,0.726704,,,,,,,,,,,,,,,,,,,,,,,,,,,,,,,4093.969231,1953.113553,78.76000252,VALID
20180822_180604982,1051,636,1012,640,2.759949,2.748444,0.760216,0.693192,0.726704,,,,,,,,,,,,,,,,,,,,,,,,,,,,,,,4088.14359,1962.637363,78.79351372,VALID
20180822_180604982,1051,636,1012,640,2.759949,2.748444,0.760216,0.693192,0.726704,,,,,,,,,,,,,,,,,,,,,,,,,,,,,,,4088.14359,1962.637363,78.79351372,VALID
20180822_180604987,1046,636,1004,631,2.785248,2.741928,0.760216,0.693192,0.726704,,,,,,,,,,,,,,,,,,,,,,,,,,,,,,,4088.14359,1962.637363,78.79351372,VALID
20180822_180604990,1046,636,1004,631,2.785248,2.741928,0.760216,0.693192,0.726704,,,,,,,,,,,,,,,,,,,,,,,,,,,,,,,4102.707692,1765.567766,78.79351372,VALID
20180822_180604992,1046,636,1004,631,2.785248,2.741928,0.760216,0.693192,0.726704,,,,,,,,,,,,,,,,,,,,,,,,,,,,,,,4102.707692,1765.567766,78.79351372,VALID
20180822_180604992,1046,636,1004,631,2.785248,2.741928,0.760216,0.693192,0.726704,,,,,,,,,,,,,,,,,,,,,,,,,,,,,,,4102.707692,1765.567766,78.79351372,VALID
20180822_180605000,1046,636,1004,631,2.785248,2.741928,0.760216,0.693192,0.726704,,,,,,,,,,,,,,,,,,,,,,,,,,,,,,,4102.707692,1765.567766,78.79351372,VALID
20180822_180605000,1046,636,1004,631,2.785248,2.741928,0.760216,0.693192,0.726704,,,,,,,,,,,,,,,,,,,,,,,,,,,,,,,4102.707692,1765.567766,78.79351372,VALID
20180822_180605004,1052,642,1018,627,2.819138,2.704559,0.760216,0.693192,0.726704,,,,,,,,,,,,,,,,,,,,,,,,,,,,,,,4102.707692,1765.567766,78.79351372,VALID
20180822_180605007,1052,642,1018,627,2.819138,2.704559,0.760216,0.693192,0.726704,,,,,,,,,,,,,,,,,,,,,,,,,,,,,,,4101.251282,1690.842491,78.82705344,VALID
20180822_180605007,1052,642,1018,627,2.819138,2.704559,0.760216,0.693192,0.726704,,,,,,,,,,,,,,,,,,,,,,,,,,,,,,,4093.969231,1876.923077,78.79351372,VALID
20180822_180605010,1052,642,1018,627,2.819138,2.704559,0.760216,0.693192,0.726704,,,,,,,,,,,,,,,,,,,,,,,,,,,,,,,4089.6,1930.40293,78.82705344,VALID
20180822_180605011,1052,642,1018,627,2.819138,2.704559,0.760216,0.693192,0.726704,0.000638195,0.000104743,0.08041691,0.000494389,0.06111857,0,93.882,0.003444795,0.2784172,2.56E-06,6.09E-07,0.01069662,0.008870786,0.2508118,0.01496345,0.2428302,0.0505425,0.001981319,0.02371731,0.4260363,0.00185583,0.1945205,0.004509174,0.1967993,0.000513714,0.008842654,0.02030261,1.81E-05,0.01177319,0.1525009,4089.6,1930.40293,78.82705344,VALID
20180822_180605011,1052,642,1018,627,2.819138,2.704559,0.760216,0.693192,0.726704,0.000638195,0.000104743,0.08041691,0.000494389,0.06111857,0,93.882,0.003444795,0.2784172,2.56E-06,6.09E-07,0.01069662,0.008870786,0.2508118,0.01496345,0.2428302,0.0505425,0.001981319,0.02371731,0.4260363,0.00185583,0.1945205,0.004509174,0.1967993,0.000513714,0.008842654,0.02030261,1.81E-05,0.01177319,0.1525009,4089.6,1930.40293,78.82705344,VALID
20180822_180605012,1052,642,1018,627,2.819138,2.704559,0.760216,0.693192,0.726704,0.000638195,0.000104743,0.08041691,0.000494389,0.06111857,0,93.882,0.003444795,0.2784172,2.56E-06,6.09E-07,0.01069662,0.008870786,0.2508118,0.01496345,0.2428302,0.0505425,0.001981319,0.02371731,0.4260363,0.00185583,0.1945205,0.004509174,0.1967993,0.000513714,0.008842654,0.02030261,1.81E-05,0.01177319,0.1525009,4089.6,1930.40293,78.82705344,VALID
20180822_180605012,1052,642,1018,627,2.819138,2.704559,0.760216,0.693192,0.726704,0.000638195,0.000104743,0.08041691,0.000494389,0.06111857,0,93.882,0.003444795,0.2784172,2.56E-06,6.09E-07,0.01069662,0.008870786,0.2508118,0.01496345,0.2428302,0.0505425,0.001981319,0.02371731,0.4260363,0.00185583,0.1945205,0.004509174,0.1967993,0.000513714,0.008842654,0.02030261,1.81E-05,0.01177319,0.1525009,4089.6,1930.40293,78.82705344,VALID
20180822_180605020,1042,642,1009,647,2.799896,2.716644,0.760216,0.693192,0.726704,0.000638195,0.000104743,0.08041691,0.000494389,0.06111857,0,93.882,0.003444795,0.2784172,2.56E-06,6.09E-07,0.01069662,0.008870786,0.2508118,0.01496345,0.2428302,0.0505425,0.001981319,0.02371731,0.4260363,0.00185583,0.1945205,0.004509174,0.1967993,0.000513714,0.008842654,0.02030261,1.81E-05,0.01177319,0.1525009,4089.6,1930.40293,78.82705344,VALID
20180822_180605022,1042,642,1009,647,2.799896,2.716644,0.760216,0.693192,0.726704,0.000638195,0.000104743,0.08041691,0.000494389,0.06111857,0,93.882,0.003444795,0.2784172,2.56E-06,6.09E-07,0.01069662,0.008870786,0.2508118,0.01496345,0.2428302,0.0505425,0.001981319,0.02371731,0.4260363,0.00185583,0.1945205,0.004509174,0.1967993,0.000513714,0.008842654,0.02030261,1.81E-05,0.01177319,0.1525009,4104.164103,1754.578755,78.82705344,VALID
20180822_180605022,1042,642,1009,647,2.799896,2.716644,0.760216,0.693192,0.726704,0.000638195,0.000104743,0.08041691,0.000494389,0.06111857,0,93.882,0.003444795,0.2784172,2.56E-06,6.09E-07,0.01069662,0.008870786,0.2508118,0.01496345,0.2428302,0.0505425,0.001981319,0.02371731,0.4260363,0.00185583,0.1945205,0.004509174,0.1967993,0.000513714,0.008842654,0.02030261,1.81E-05,0.01177319,0.1525009,4104.164103,1754.578755,78.82705344,VALID
20180822_180605025,1042,642,1009,647,2.799896,2.716644,0.760216,0.693192,0.726704,0.000638195,0.000104743,0.08041691,0.000494389,0.06111857,0,93.882,0.003444795,0.2784172,2.56E-06,6.09E-07,0.01069662,0.008870786,0.2508118,0.01496345,0.2428302,0.0505425,0.001981319,0.02371731,0.4260363,0.00185583,0.1945205,0.004509174,0.1967993,0.000513714,0.008842654,0.02030261,1.81E-05,0.01177319,0.1525009,4101.251282,1687.179487,78.82705344,VALID
20180822_180605036,1042,642,1009,647,2.799896,2.716644,0.760216,0.693192,0.726704,0.000638195,0.000104743,0.08041691,0.000494389,0.06111857,0,93.882,0.003444795,0.2784172,2.56E-06,6.09E-07,0.01069662,0.008870786,0.2508118,0.01496345,0.2428302,0.0505425,0.001981319,0.02371731,0.4260363,0.00185583,0.1945205,0.004509174,0.1967993,0.000513714,0.008842654,0.02030261,1.81E-05,0.01177319,0.1525009,4101.251282,1687.179487,78.82705344,VALID
20180822_180605036,1042,642,1009,647,2.799896,2.716644,0.760216,0.693192,0.726704,0.000638195,0.000104743,0.08041691,0.000494389,0.06111857,0,93.882,0.003444795,0.2784172,2.56E-06,6.09E-07,0.01069662,0.008870786,0.2508118,0.01496345,0.2428302,0.0505425,0.001981319,0.02371731,0.4260363,0.00185583,0.1945205,0.004509174,0.1967993,0.000513714,0.008842654,0.02030261,1.81E-05,0.01177319,0.1525009,4101.251282,1687.179487,78.82705344,VALID
20180822_180605036,1042,642,1009,647,2.799896,2.716644,0.760216,0.693192,0.726704,0.000638195,0.000104743,0.08041691,0.000494389,0.06111857,0,93.882,0.003444795,0.2784172,2.56E-06,6.09E-07,0.01069662,0.008870786,0.2508118,0.01496345,0.2428302,0.0505425,0.001981319,0.02371731,0.4260363,0.00185583,0.1945205,0.004509174,0.1967993,0.000513714,0.008842654,0.02030261,1.81E-05,0.01177319,0.1525009,4101.251282,1687.179487,78.82705344,VALID
20180822_180605036,1042,642,1009,647,2.799896,2.716644,0.760216,0.693192,0.726704,0.000638195,0.000104743,0.08041691,0.000494389,0.06111857,0,93.882,0.003444795,0.2784172,2.56E-06,6.09E-07,0.01069662,0.008870786,0.2508118,0.01496345,0.2428302,0.0505425,0.001981319,0.02371731,0.4260363,0.00185583,0.1945205,0.004509174,0.1967993,0.000513714,0.008842654,0.02030261,1.81E-05,0.01177319,0.1525009,4101.251282,1687.179487,78.82705344,VALID
20180822_180605037,1063,663,1021,634,2.842834,2.757294,0.760216,0.693192,0.726704,0.000638195,0.000104743,0.08041691,0.000494389,0.06111857,0,93.882,0.003444795,0.2784172,2.56E-06,6.09E-07,0.01069662,0.008870786,0.2508118,0.01496345,0.2428302,0.0505425,0.001981319,0.02371731,0.4260363,0.00185583,0.1945205,0.004509174,0.1967993,0.000513714,0.008842654,0.02030261,1.81E-05,0.01177319,0.1525009,4101.251282,1687.179487,78.82705344,VALID
20180822_180605045,1063,663,1021,634,2.842834,2.757294,0.760216,0.693192,0.726704,0.000638195,0.000104743,0.08041691,0.000494389,0.06111857,0,93.882,0.003444795,0.2784172,2.56E-06,6.09E-07,0.01069662,0.008870786,0.2508118,0.01496345,0.2428302,0.0505425,0.001981319,0.02371731,0.4260363,0.00185583,0.1945205,0.004509174,0.1967993,0.000513714,0.008842654,0.02030261,1.81E-05,0.01177319,0.1525009,4101.251282,1687.179487,78.82705344,VALID
20180822_180605045,1063,663,1021,634,2.842834,2.757294,0.760216,0.693192,0.726704,0.000638195,0.000104743,0.08041691,0.000494389,0.06111857,0,93.882,0.003444795,0.2784172,2.56E-06,6.09E-07,0.01069662,0.008870786,0.2508118,0.01496345,0.2428302,0.0505425,0.001981319,0.02371731,0.4260363,0.00185583,0.1945205,0.004509174,0.1967993,0.000513714,0.008842654,0.02030261,1.81E-05,0.01177319,0.1525009,4101.251282,1687.179487,78.82705344,VALID
20180822_180605051,1063,663,1021,634,2.842834,2.757294,0.760216,0.693192,0.726704,0.000638195,0.000104743,0.08041691,0.000494389,0.06111857,0,93.882,0.003444795,0.2784172,2.56E-06,6.09E-07,0.01069662,0.008870786,0.2508118,0.01496345,0.2428302,0.0505425,0.001981319,0.02371731,0.4260363,0.00185583,0.1945205,0.004509174,0.1967993,0.000513714,0.008842654,0.02030261,1.81E-05,0.01177319,0.1525009,4101.251282,1687.179487,78.82705344,VALID
20180822_180605051,1063,663,1021,634,2.842834,2.757294,0.760216,0.693192,0.726704,0.000638195,0.000104743,0.08041691,0.000494389,0.06111857,0,93.882,0.003444795,0.2784172,2.56E-06,6.09E-07,0.01069662,0.008870786,0.2508118,0.01496345,0.2428302,0.0505425,0.001981319,0.02371731,0.4260363,0.00185583,0.1945205,0.004509174,0.1967993,0.000513714,0.008842654,0.02030261,1.81E-05,0.01177319,0.1525009,4101.251282,1687.179487,78.82705344,VALID
20180822_180605054,1030,671,1008,643,2.794922,2.743484,0.760216,0.693192,0.726704,0.000638195,0.000104743,0.08041691,0.000494389,0.06111857,0,93.882,0.003444795,0.2784172,2.56E-06,6.09E-07,0.01069662,0.008870786,0.2508118,0.01496345,0.2428302,0.0505425,0.001981319,0.02371731,0.4260363,0.00185583,0.1945205,0.004509174,0.1967993,0.000513714,0.008842654,0.02030261,1.81E-05,0.01177319,0.1525009,4092.512821,1870.32967,78.79351372,VALID
20180822_180605057,1030,671,1008,643,2.794922,2.743484,0.760216,0.693192,0.726704,0.000638195,0.000104743,0.08041691,0.000494389,0.06111857,0,93.882,0.003444795,0.2784172,2.56E-06,6.09E-07,0.01069662,0.008870786,0.2508118,0.01496345,0.2428302,0.0505425,0.001981319,0.02371731,0.4260363,0.00185583,0.1945205,0.004509174,0.1967993,0.000513714,0.008842654,0.02030261,1.81E-05,0.01177319,0.1525009,4088.14359,1932.600733,78.82705344,VALID
20180822_180605058,1030,671,1008,643,2.794922,2.743484,0.760216,0.693192,0.726704,0.000638195,0.000104743,0.08041691,0.000494389,0.06111857,0,93.882,0.003444795,0.2784172,2.56E-06,6.09E-07,0.01069662,0.008870786,0.2508118,0.01496345,0.2428302,0.0505425,0.001981319,0.02371731,0.4260363,0.00185583,0.1945205,0.004509174,0.1967993,0.000513714,0.008842654,0.02030261,1.81E-05,0.01177319,0.1525009,4101.251282,1747.985348,78.86062174,VALID
20180822_180605058,1030,671,1008,643,2.794922,2.743484,0.760216,0.693192,0.726704,0.000638195,0.000104743,0.08041691,0.000494389,0.06111857,0,93.882,0.003444795,0.2784172,2.56E-06,6.09E-07,0.01069662,0.008870786,0.2508118,0.01496345,0.2428302,0.0505425,0.001981319,0.02371731,0.4260363,0.00185583,0.1945205,0.004509174,0.1967993,0.000513714,0.008842654,0.02030261,1.81E-05,0.01177319,0.1525009,4077.948718,1872.527473,78.82705344,VALID
20180822_180605065,1030,671,1008,643,2.794922,2.743484,0.760216,0.693192,0.726704,0.000638195,0.000104743,0.08041691,0.000494389,0.06111857,0,93.882,0.003444795,0.2784172,2.56E-06,6.09E-07,0.01069662,0.008870786,0.2508118,0.01496345,0.2428302,0.0505425,0.001981319,0.02371731,0.4260363,0.00185583,0.1945205,0.004509174,0.1967993,0.000513714,0.008842654,0.02030261,1.81E-05,0.01177319,0.1525009,4077.948718,1872.527473,78.82705344,VALID
20180822_180605065,1030,671,1008,643,2.794922,2.743484,0.760216,0.693192,0.726704,0.000638195,0.000104743,0.08041691,0.000494389,0.06111857,0,93.882,0.003444795,0.2784172,2.56E-06,6.09E-07,0.01069662,0.008870786,0.2508118,0.01496345,0.2428302,0.0505425,0.001981319,0.02371731,0.4260363,0.00185583,0.1945205,0.004509174,0.1967993,0.000513714,0.008842654,0.02030261,1.81E-05,0.01177319,0.1525009,4077.948718,1872.527473,78.82705344,VALID
20180822_180605068,1060,655,992,631,2.786743,2.742737,0.760216,0.693192,0.726704,0.000638195,0.000104743,0.08041691,0.000494389,0.06111857,0,93.882,0.003444795,0.2784172,2.56E-06,6.09E-07,0.01069662,0.008870786,0.2508118,0.01496345,0.2428302,0.0505425,0.001981319,0.02371731,0.4260363,0.00185583,0.1945205,0.004509174,0.1967993,0.000513714,0.008842654,0.02030261,1.81E-05,0.01177319,0.1525009,4077.948718,1872.527473,78.82705344,VALID
20180822_180605071,1060,655,992,631,2.786743,2.742737,0.760216,0.693192,0.726704,0.000638195,0.000104743,0.08041691,0.000494389,0.06111857,0,93.882,0.003444795,0.2784172,2.56E-06,6.09E-07,0.01069662,0.008870786,0.2508118,0.01496345,0.2428302,0.0505425,0.001981319,0.02371731,0.4260363,0.00185583,0.1945205,0.004509174,0.1967993,0.000513714,0.008842654,0.02030261,1.81E-05,0.01177319,0.1525009,4077.948718,1872.527473,78.82705344,VALID
20180822_180605071,1060,655,992,631,2.786743,2.742737,0.760216,0.693192,0.726704,0.000638195,0.000104743,0.08041691,0.000494389,0.06111857,0,93.882,0.003444795,0.2784172,2.56E-06,6.09E-07,0.01069662,0.008870786,0.2508118,0.01496345,0.2428302,0.0505425,0.001981319,0.02371731,0.4260363,0.00185583,0.1945205,0.004509174,0.1967993,0.000513714,0.008842654,0.02030261,1.81E-05,0.01177319,0.1525009,4077.948718,1872.527473,78.82705344,VALID
20180822_180605072,1060,655,992,631,2.786743,2.742737,0.760216,0.693192,0.726704,0.000638195,0.000104743,0.08041691,0.000494389,0.06111857,0,93.882,0.003444795,0.2784172,2.56E-06,6.09E-07,0.01069662,0.008870786,0.2508118,0.01496345,0.2428302,0.0505425,0.001981319,0.02371731,0.4260363,0.00185583,0.1945205,0.004509174,0.1967993,0.000513714,0.008842654,0.02030261,1.81E-05,0.01177319,0.1525009,4073.579487,1913.553114,78.82705344,VALID
20180822_180605079,1060,655,992,631,2.786743,2.742737,0.760216,0.693192,0.726704,0.000638195,0.000104743,0.08041691,0.000494389,0.06111857,0,93.882,0.003444795,0.2784172,2.56E-06,6.09E-07,0.01069662,0.008870786,0.2508118,0.01496345,0.2428302,0.0505425,0.001981319,0.02371731,0.4260363,0.00185583,0.1945205,0.004509174,0.1967993,0.000513714,0.008842654,0.02030261,1.81E-05,0.01177319,0.1525009,4073.579487,1913.553114,78.82705344,VALID
20180822_180605079,1060,655,992,631,2.786743,2.742737,0.760216,0.693192,0.726704,0.000638195,0.000104743,0.08041691,0.000494389,0.06111857,0,93.882,0.003444795,0.2784172,2.56E-06,6.09E-07,0.01069662,0.008870786,0.2508118,0.01496345,0.2428302,0.0505425,0.001981319,0.02371731,0.4260363,0.00185583,0.1945205,0.004509174,0.1967993,0.000513714,0.008842654,0.02030261,1.81E-05,0.01177319,0.1525009,4073.579487,1913.553114,78.82705344,VALID
20180822_180605081,1060,655,992,631,2.786743,2.742737,0.760216,0.693192,0.726704,0.000638195,0.000104743,0.08041691,0.000494389,0.06111857,0,93.882,0.003444795,0.2784172,2.56E-06,6.09E-07,0.01069662,0.008870786,0.2508118,0.01496345,0.2428302,0.0505425,0.001981319,0.02371731,0.4260363,0.00185583,0.1945205,0.004509174,0.1967993,0.000513714,0.008842654,0.02030261,1.81E-05,0.01177319,0.1525009,4073.579487,1913.553114,78.82705344,VALID
20180822_180605081,1060,655,992,631,2.786743,2.742737,0.760216,0.693192,0.726704,0.000638195,0.000104743,0.08041691,0.000494389,0.06111857,0,93.882,0.003444795,0.2784172,2.56E-06,6.09E-07,0.01069662,0.008870786,0.2508118,0.01496345,0.2428302,0.0505425,0.001981319,0.02371731,0.4260363,0.00185583,0.1945205,0.004509174,0.1967993,0.000513714,0.008842654,0.02030261,1.81E-05,0.01177319,0.1525009,4073.579487,1913.553114,78.82705344,VALID
20180822_180605082,1060,655,992,631,2.786743,2.742737,0.760216,0.693192,0.726704,0.000638195,0.000104743,0.08041691,0.000494389,0.06111857,0,93.882,0.003444795,0.2784172,2.56E-06,6.09E-07,0.01069662,0.008870786,0.2508118,0.01496345,0.2428302,0.0505425,0.001981319,0.02371731,0.4260363,0.00185583,0.1945205,0.004509174,0.1967993,0.000513714,0.008842654,0.02030261,1.81E-05,0.01177319,0.1525009,4096.882051,1956.043956,78.89421863,VALID
20180822_180605082,1060,655,992,631,2.786743,2.742737,0.760216,0.693192,0.726704,0.000638195,0.000104743,0.08041691,0.000494389,0.06111857,0,93.882,0.003444795,0.2784172,2.56E-06,6.09E-07,0.01069662,0.008870786,0.2508118,0.01496345,0.2428302,0.0505425,0.001981319,0.02371731,0.4260363,0.00185583,0.1945205,0.004509174,0.1967993,0.000513714,0.008842654,0.02030261,1.81E-05,0.01177319,0.1525009,4099.794872,1978.021978,78.89421863,VALID
20180822_180605087,1038,639,1011,635,2.779068,2.760757,0.760216,0.693192,0.726704,0.000638195,0.000104743,0.08041691,0.000494389,0.06111857,0,93.882,0.003444795,0.2784172,2.56E-06,6.09E-07,0.01069662,0.008870786,0.2508118,0.01496345,0.2428302,0.0505425,0.001981319,0.02371731,0.4260363,0.00185583,0.1945205,0.004509174,0.1967993,0.000513714,0.008842654,0.02030261,1.81E-05,0.01177319,0.1525009,4099.794872,1978.021978,78.89421863,VALID
20180822_180605091,1038,639,1011,635,2.779068,2.760757,0.760216,0.693192,0.726704,0.000638195,0.000104743,0.08041691,0.000494389,0.06111857,0,93.882,0.003444795,0.2784172,2.56E-06,6.09E-07,0.01069662,0.008870786,0.2508118,0.01496345,0.2428302,0.0505425,0.001981319,0.02371731,0.4260363,0.00185583,0.1945205,0.004509174,0.1967993,0.000513714,0.008842654,0.02030261,1.81E-05,0.01177319,0.1525009,4099.794872,1978.021978,78.89421863,VALID
20180822_180605091,1038,639,1011,635,2.779068,2.760757,0.760216,0.693192,0.726704,0.000638195,0.000104743,0.08041691,0.000494389,0.06111857,0,93.882,0.003444795,0.2784172,2.56E-06,6.09E-07,0.01069662,0.008870786,0.2508118,0.01496345,0.2428302,0.0505425,0.001981319,0.02371731,0.4260363,0.00185583,0.1945205,0.004509174,0.1967993,0.000513714,0.008842654,0.02030261,1.81E-05,0.01177319,0.1525009,4099.794872,1978.021978,78.89421863,VALID
20180822_180605095,1038,639,1011,635,2.779068,2.760757,0.760216,0.693192,0.726704,0.000638195,0.000104743,0.08041691,0.000494389,0.06111857,0,93.882,0.003444795,0.2784172,2.56E-06,6.09E-07,0.01069662,0.008870786,0.2508118,0.01496345,0.2428302,0.0505425,0.001981319,0.02371731,0.4260363,0.00185583,0.1945205,0.004509174,0.1967993,0.000513714,0.008842654,0.02030261,1.81E-05,0.01177319,0.1525009,4099.794872,1986.080586,78.89421863,VALID
20180822_180605099,1038,639,1011,635,2.779068,2.760757,0.760216,0.693192,0.726704,0.000638195,0.000104743,0.08041691,0.000494389,0.06111857,0,93.882,0.003444795,0.2784172,2.56E-06,6.09E-07,0.01069662,0.008870786,0.2508118,0.01496345,0.2428302,0.0505425,0.001981319,0.02371731,0.4260363,0.00185583,0.1945205,0.004509174,0.1967993,0.000513714,0.008842654,0.02030261,1.81E-05,0.01177319,0.1525009,4093.969231,1981.684982,78.86062174,VALID
20180822_180605101,1038,639,1011,635,2.779068,2.760757,0.760216,0.693192,0.726704,0.000638195,0.000104743,0.08041691,0.000494389,0.06111857,0,93.882,0.003444795,0.2784172,2.56E-06,6.09E-07,0.01069662,0.008870786,0.2508118,0.01496345,0.2428302,0.0505425,0.001981319,0.02371731,0.4260363,0.00185583,0.1945205,0.004509174,0.1967993,0.000513714,0.008842654,0.02030261,1.81E-05,0.01177319,0.1525009,4093.969231,1981.684982,78.86062174,VALID
20180822_180605101,1038,639,1011,635,2.779068,2.760757,0.760216,0.693192,0.726704,0.000638195,0.000104743,0.08041691,0.000494389,0.06111857,0,93.882,0.003444795,0.2784172,2.56E-06,6.09E-07,0.01069662,0.008870786,0.2508118,0.01496345,0.2428302,0.0505425,0.001981319,0.02371731,0.4260363,0.00185583,0.1945205,0.004509174,0.1967993,0.000513714,0.008842654,0.02030261,1.81E-05,0.01177319,0.1525009,4093.969231,1981.684982,78.86062174,VALID
20180822_180605103,1011,634,1015,644,2.791763,2.749954,0.760216,0.693192,0.726704,0.000638195,0.000104743,0.08041691,0.000494389,0.06111857,0,93.882,0.003444795,0.2784172,2.56E-06,6.09E-07,0.01069662,0.008870786,0.2508118,0.01496345,0.2428302,0.0505425,0.001981319,0.02371731,0.4260363,0.00185583,0.1945205,0.004509174,0.1967993,0.000513714,0.008842654,0.02030261,1.81E-05,0.01177319,0.1525009,4093.969231,1981.684982,78.86062174,VALID
20180822_180605113,1011,634,1015,644,2.791763,2.749954,0.760216,0.693192,0.726704,0.000638195,0.000104743,0.08041691,0.000494389,0.06111857,0,93.882,0.003444795,0.2784172,2.56E-06,6.09E-07,0.01069662,0.008870786,0.2508118,0.01496345,0.2428302,0.0505425,0.001981319,0.02371731,0.4260363,0.00185583,0.1945205,0.004509174,0.1967993,0.000513714,0.008842654,0.02030261,1.81E-05,0.01177319,0.1525009,4093.969231,1981.684982,78.86062174,VALID
20180822_180605113,1011,634,1015,644,2.791763,2.749954,0.760216,0.693192,0.726704,0.000638195,0.000104743,0.08041691,0.000494389,0.06111857,0,93.882,0.003444795,0.2784172,2.56E-06,6.09E-07,0.01069662,0.008870786,0.2508118,0.01496345,0.2428302,0.0505425,0.001981319,0.02371731,0.4260363,0.00185583,0.1945205,0.004509174,0.1967993,0.000513714,0.008842654,0.02030261,1.81E-05,0.01177319,0.1525009,4093.969231,1981.684982,78.86062174,VALID
20180822_180605115,1011,634,1015,644,2.791763,2.749954,0.760216,0.693192,0.726704,0.000638195,0.000104743,0.08041691,0.000494389,0.06111857,0,93.882,0.003444795,0.2784172,2.56E-06,6.09E-07,0.01069662,0.008870786,0.2508118,0.01496345,0.2428302,0.0505425,0.001981319,0.02371731,0.4260363,0.00185583,0.1945205,0.004509174,0.1967993,0.000513714,0.008842654,0.02030261,1.81E-05,0.01177319,0.1525009,4082.317949,1966.300366,78.86062174,VALID
20180822_180605116,1011,634,1015,644,2.791763,2.749954,0.760216,0.693192,0.726704,0.000638195,0.000104743,0.08041691,0.000494389,0.06111857,0,93.882,0.003444795,0.2784172,2.56E-06,6.09E-07,0.01069662,0.008870786,0.2508118,0.01496345,0.2428302,0.0505425,0.001981319,0.02371731,0.4260363,0.00185583,0.1945205,0.004509174,0.1967993,0.000513714,0.008842654,0.02030261,1.81E-05,0.01177319,0.1525009,4099.794872,1981.684982,78.89421863,VALID
20180822_180605118,1011,634,1015,644,2.791763,2.749954,0.760216,0.693192,0.726704,0.000638195,0.000104743,0.08041691,0.000494389,0.06111857,0,93.882,0.003444795,0.2784172,2.56E-06,6.09E-07,0.01069662,0.008870786,0.2508118,0.01496345,0.2428302,0.0505425,0.001981319,0.02371731,0.4260363,0.00185583,0.1945205,0.004509174,0.1967993,0.000513714,0.008842654,0.02030261,1.81E-05,0.01177319,0.1525009,4101.251282,1766.300366,78.89421863,VALID
20180822_180605120,1033,672,992,657,2.830582,2.818619,0.760216,0.693192,0.726704,0.000638195,0.000104743,0.08041691,0.000494389,0.06111857,0,93.882,0.003444795,0.2784172,2.56E-06,6.09E-07,0.01069662,0.008870786,0.2508118,0.01496345,0.2428302,0.0505425,0.001981319,0.02371731,0.4260363,0.00185583,0.1945205,0.004509174,0.1967993,0.000513714,0.008842654,0.02030261,1.81E-05,0.01177319,0.1525009,4101.251282,1766.300366,78.89421863,VALID
20180822_180605123,1033,672,992,657,2.830582,2.818619,0.312719,0.380403,0.346561,0.000638195,0.000104743,0.08041691,0.000494389,0.06111857,0,93.882,0.003444795,0.2784172,2.56E-06,6.09E-07,0.01069662,0.008870786,0.2508118,0.01496345,0.2428302,0.0505425,0.001981319,0.02371731,0.4260363,0.00185583,0.1945205,0.004509174,0.1967993,0.000513714,0.008842654,0.02030261,1.81E-05,0.01177319,0.1525009,4101.251282,1766.300366,78.89421863,VALID
20180822_180605123,1033,672,992,657,2.830582,2.818619,0.312719,0.380403,0.346561,0.000638195,0.000104743,0.08041691,0.000494389,0.06111857,0,93.882,0.003444795,0.2784172,2.56E-06,6.09E-07,0.01069662,0.008870786,0.2508118,0.01496345,0.2428302,0.0505425,0.001981319,0.02371731,0.4260363,0.00185583,0.1945205,0.004509174,0.1967993,0.000513714,0.008842654,0.02030261,1.81E-05,0.01177319,0.1525009,4101.251282,1766.300366,78.89421863,VALID
20180822_180605123,1033,672,992,657,2.830582,2.818619,0.312719,0.380403,0.346561,0.000638195,0.000104743,0.08041691,0.000494389,0.06111857,0,93.882,0.003444795,0.2784172,2.56E-06,6.09E-07,0.01069662,0.008870786,0.2508118,0.01496345,0.2428302,0.0505425,0.001981319,0.02371731,0.4260363,0.00185583,0.1945205,0.004509174,0.1967993,0.000513714,0.008842654,0.02030261,1.81E-05,0.01177319,0.1525009,4101.251282,1766.300366,78.89421863,VALID
20180822_180605124,1033,672,992,657,2.830582,2.818619,0.312719,0.380403,0.346561,0.000638195,0.000104743,0.08041691,0.000494389,0.06111857,0,93.882,0.003444795,0.2784172,2.56E-06,6.09E-07,0.01069662,0.008870786,0.2508118,0.01496345,0.2428302,0.0505425,0.001981319,0.02371731,0.4260363,0.00185583,0.1945205,0.004509174,0.1967993,0.000513714,0.008842654,0.02030261,1.81E-05,0.01177319,0.1525009,4101.251282,1766.300366,78.89421863,VALID
20180822_180605134,1033,672,992,657,2.830582,2.818619,0.312719,0.380403,0.346561,0.000638195,0.000104743,0.08041691,0.000494389,0.06111857,0,93.882,0.003444795,0.2784172,2.56E-06,6.09E-07,0.01069662,0.008870786,0.2508118,0.01496345,0.2428302,0.0505425,0.001981319,0.02371731,0.4260363,0.00185583,0.1945205,0.004509174,0.1967993,0.000513714,0.008842654,0.02030261,1.81E-05,0.01177319,0.1525009,4101.251282,1766.300366,78.89421863,VALID
20180822_180605134,1033,672,992,657,2.830582,2.818619,0.312719,0.380403,0.346561,0.000638195,0.000104743,0.08041691,0.000494389,0.06111857,0,93.882,0.003444795,0.2784172,2.56E-06,6.09E-07,0.01069662,0.008870786,0.2508118,0.01496345,0.2428302,0.0505425,0.001981319,0.02371731,0.4260363,0.00185583,0.1945205,0.004509174,0.1967993,0.000513714,0.008842654,0.02030261,1.81E-05,0.01177319,0.1525009,4101.251282,1766.300366,78.89421863,VALID
20180822_180605137,1061,638,1015,645,2.849487,2.824875,0.312719,0.380403,0.346561,0.000638195,0.000104743,0.08041691,0.000494389,0.06111857,0,93.882,0.003444795,0.2784172,2.56E-06,6.09E-07,0.01069662,0.008870786,0.2508118,0.01496345,0.2428302,0.0505425,0.001981319,0.02371731,0.4260363,0.00185583,0.1945205,0.004509174,0.1967993,0.000513714,0.008842654,0.02030261,1.81E-05,0.01177319,0.1525009,4101.251282,1766.300366,78.89421863,VALID
20180822_180605138,1061,638,1015,645,2.849487,2.824875,0.312719,0.380403,0.346561,0.000638195,0.000104743,0.08041691,0.000494389,0.06111857,0,93.882,0.003444795,0.2784172,2.56E-06,6.09E-07,0.01069662,0.008870786,0.2508118,0.01496345,0.2428302,0.0505425,0.001981319,0.02371731,0.4260363,0.00185583,0.1945205,0.004509174,0.1967993,0.000513714,0.008842654,0.02030261,1.81E-05,0.01177319,0.1525009,4092.512821,1898.901099,78.86062174,VALID
20180822_180605140,1061,638,1015,645,2.849487,2.824875,0.312719,0.380403,0.346561,0.000638195,0.000104743,0.08041691,0.000494389,0.06111857,0,93.882,0.003444795,0.2784172,2.56E-06,6.09E-07,0.01069662,0.008870786,0.2508118,0.01496345,0.2428302,0.0505425,0.001981319,0.02371731,0.4260363,0.00185583,0.1945205,0.004509174,0.1967993,0.000513714,0.008842654,0.02030261,1.81E-05,0.01177319,0.1525009,4092.512821,1898.901099,78.86062174,VALID
20180822_180605140,1061,638,1015,645,2.849487,2.824875,0.312719,0.380403,0.346561,0.000638195,0.000104743,0.08041691,0.000494389,0.06111857,0,93.882,0.003444795,0.2784172,2.56E-06,6.09E-07,0.01069662,0.008870786,0.2508118,0.01496345,0.2428302,0.0505425,0.001981319,0.02371731,0.4260363,0.00185583,0.1945205,0.004509174,0.1967993,0.000513714,0.008842654,0.02030261,1.81E-05,0.01177319,0.1525009,4092.512821,1898.901099,78.86062174,VALID
20180822_180605144,1061,638,1015,645,2.849487,2.824875,0.312719,0.380403,0.346561,0.000638195,0.000104743,0.08041691,0.000494389,0.06111857,0,93.882,0.003444795,0.2784172,2.56E-06,6.09E-07,0.01069662,0.008870786,0.2508118,0.01496345,0.2428302,0.0505425,0.001981319,0.02371731,0.4260363,0.00185583,0.1945205,0.004509174,0.1967993,0.000513714,0.008842654,0.02030261,1.81E-05,0.01177319,0.1525009,4086.687179,1937.728938,78.89421863,VALID
20180822_180605148,1061,638,1015,645,2.849487,2.824875,0.312719,0.380403,0.346561,0.000638195,0.000104743,0.08041691,0.000494389,0.06111857,0,93.882,0.003444795,0.2784172,2.56E-06,6.09E-07,0.01069662,0.008870786,0.2508118,0.01496345,0.2428302,0.0505425,0.001981319,0.02371731,0.4260363,0.00185583,0.1945205,0.004509174,0.1967993,0.000513714,0.008842654,0.02030261,1.81E-05,0.01177319,0.1525009,4086.687179,1937.728938,78.89421863,VALID
20180822_180605148,1061,638,1015,645,2.849487,2.824875,0.312719,0.380403,0.346561,0.000638195,0.000104743,0.08041691,0.000494389,0.06111857,0,93.882,0.003444795,0.2784172,2.56E-06,6.09E-07,0.01069662,0.008870786,0.2508118,0.01496345,0.2428302,0.0505425,0.001981319,0.02371731,0.4260363,0.00185583,0.1945205,0.004509174,0.1967993,0.000513714,0.008842654,0.02030261,1.81E-05,0.01177319,0.1525009,4086.687179,1937.728938,78.89421863,VALID
20180822_180605153,1023,658,991,674,2.84021,2.77179,0.312719,0.380403,0.346561,0.000638195,0.000104743,0.08041691,0.000494389,0.06111857,0,93.882,0.003444795,0.2784172,2.56E-06,6.09E-07,0.01069662,0.008870786,0.2508118,0.01496345,0.2428302,0.0505425,0.001981319,0.02371731,0.4260363,0.00185583,0.1945205,0.004509174,0.1967993,0.000513714,0.008842654,0.02030261,1.81E-05,0.01177319,0.1525009,4086.687179,1937.728938,78.89421863,VALID
20180822_180605158,1023,658,991,674,2.84021,2.77179,0.312719,0.380403,0.346561,0.000638195,0.000104743,0.08041691,0.000494389,0.06111857,0,93.882,0.003444795,0.2784172,2.56E-06,6.09E-07,0.01069662,0.008870786,0.2508118,0.01496345,0.2428302,0.0505425,0.001981319,0.02371731,0.4260363,0.00185583,0.1945205,0.004509174,0.1967993,0.000513714,0.008842654,0.02030261,1.81E-05,0.01177319,0.1525009,4086.687179,1937.728938,78.89421863,VALID
20180822_180605158,1023,658,991,674,2.84021,2.77179,0.312719,0.380403,0.346561,0.000638195,0.000104743,0.08041691,0.000494389,0.06111857,0,93.882,0.003444795,0.2784172,2.56E-06,6.09E-07,0.01069662,0.008870786,0.2508118,0.01496345,0.2428302,0.0505425,0.001981319,0.02371731,0.4260363,0.00185583,0.1945205,0.004509174,0.1967993,0.000513714,0.008842654,0.02030261,1.81E-05,0.01177319,0.1525009,4086.687179,1937.728938,78.89421863,VALID
20180822_180605160,1023,658,991,674,2.84021,2.77179,0.312719,0.380403,0.346561,0.000638195,0.000104743,0.08041691,0.000494389,0.06111857,0,93.882,0.003444795,0.2784172,2.56E-06,6.09E-07,0.01069662,0.008870786,0.2508118,0.01496345,0.2428302,0.0505425,0.001981319,0.02371731,0.4260363,0.00185583,0.1945205,0.004509174,0.1967993,0.000513714,0.008842654,0.02030261,1.81E-05,0.01177319,0.1525009,4080.861538,1944.322344,78.92784416,VALID
20180822_180605160,1023,658,991,674,2.84021,2.77179,0.312719,0.380403,0.346561,0.000638195,0.000104743,0.08041691,0.000494389,0.06111857,0,93.882,0.003444795,0.2784172,2.56E-06,6.09E-07,0.01069662,0.008870786,0.2508118,0.01496345,0.2428302,0.0505425,0.001981319,0.02371731,0.4260363,0.00185583,0.1945205,0.004509174,0.1967993,0.000513714,0.008842654,0.02030261,1.81E-05,0.01177319,0.1525009,4080.861538,1944.322344,78.92784416,VALID
20180822_180605164,1023,658,991,674,2.84021,2.77179,0.312719,0.380403,0.346561,0.000638195,0.000104743,0.08041691,0.000494389,0.06111857,0,93.882,0.003444795,0.2784172,2.56E-06,6.09E-07,0.01069662,0.008870786,0.2508118,0.01496345,0.2428302,0.0505425,0.001981319,0.02371731,0.4260363,0.00185583,0.1945205,0.004509174,0.1967993,0.000513714,0.008842654,0.02030261,1.81E-05,0.01177319,0.1525009,4101.251282,1753.846154,78.92784416,VALID
20180822_180605164,1023,658,991,674,2.84021,2.77179,0.312719,0.380403,0.346561,0.000638195,0.000104743,0.08041691,0.000494389,0.06111857,0,93.882,0.003444795,0.2784172,2.56E-06,6.09E-07,0.01069662,0.008870786,0.2508118,0.01496345,0.2428302,0.0505425,0.001981319,0.02371731,0.4260363,0.00185583,0.1945205,0.004509174,0.1967993,0.000513714,0.008842654,0.02030261,1.81E-05,0.01177319,0.1525009,4093.969231,1899.6337,78.89421863,VALID
